測定局コード,日付,時,SO2(ppm),NO(ppm),NO2(ppm),NOx(ppm),CO(ppm),Ox(ppm),NMHC(ppmC),CH4(ppmC),THC(ppmC),SPM(mg/m3),PM2.5(ug/m3),SP(mg/m3),WD(16Dir),WS(m/s),TEMP(℃),HUM(％)
13101010,2020/12/01,01,,,,,,0.018,,,,0.007,9,,N,1.1,10.3,75.4
13101010,2020/12/01,02,0.001,0,0.014,0.014,,0.018,,,,0.015,8,,CALM,0.2,10.5,74.3
13101010,2020/12/01,03,0.001,0,0.014,0.014,,0.019,,,,0.006,7,,WNW,1.1,10.3,71.4
13101010,2020/12/01,04,0.001,0,0.018,0.018,,0.018,,,,0.013,3,,N,0.6,9.6,59.3
13101010,2020/12/01,05,0,0,0.018,0.018,,0.015,,,,0.007,8,,NNE,0.6,8.3,64.0
13101010,2020/12/01,06,0.001,0.001,0.021,0.022,,0.008,,,,0.009,10,,NNW,0.8,7.7,65.8
13101010,2020/12/01,07,0.001,0.003,0.023,0.026,,0.007,,,,0.004,12,,N,0.6,7.4,73.1
13101010,2020/12/01,08,0.001,0.012,0.021,0.033,,0.005,,,,0.016,17,,NNW,1.2,7.5,76.9
13101010,2020/12/01,09,0.001,0.017,0.021,0.038,,0.008,,,,0.018,12,,N,0.8,8.9,67.1
13101010,2020/12/01,10,0.001,0.012,0.021,0.033,,0.014,,,,0.012,11,,NW,0.4,9.9,62.0
13101010,2020/12/01,11,0.001,0.010,0.022,0.032,,0.017,,,,0.011,14,,NW,0.6,11.4,61.3
13101010,2020/12/01,12,0.001,0.007,0.020,0.027,,0.022,,,,0.011,11,,N,0.5,12.3,55.2
13101010,2020/12/01,13,0.001,0.006,0.020,0.026,,0.025,,,,0.012,11,,NW,0.6,13.2,52.8
13101010,2020/12/01,14,0.001,0.004,0.019,0.023,,0.026,,,,0.007,9,,E,0.3,14.0,46.9
13101010,2020/12/01,15,0,0.002,0.017,0.019,,0.029,,,,0.008,7,,E,0.3,14.3,44.7
13101010,2020/12/01,16,0,0.001,0.017,0.018,,0.029,,,,0.011,8,,CALM,0.2,14.1,46.0
13101010,2020/12/01,17,0,0.001,0.018,0.019,,0.028,,,,0.008,9,,ESE,0.6,13.7,51.1
13101010,2020/12/01,18,0,0.001,0.023,0.024,,0.022,,,,0.015,8,,E,0.5,13.5,56.6
13101010,2020/12/01,19,0.001,0.001,0.020,0.021,,0.022,,,,0.014,10,,ESE,0.7,12.5,57.9
13101010,2020/12/01,20,0.001,0.001,0.020,0.021,,0.022,,,,0.011,10,,E,0.5,12.2,60.9
13101010,2020/12/01,21,0,0,0.018,0.018,,0.023,,,,0.010,9,,ENE,0.4,11.8,63.1
13101010,2020/12/01,22,0.001,0.001,0.018,0.019,,0.022,,,,0.012,8,,CALM,0.2,11.4,64.8
13101010,2020/12/01,23,0.001,0,0.016,0.016,,0.024,,,,0.005,5,,NW,0.3,10.8,64.5
13101010,2020/12/01,24,0,0.001,0.018,0.019,,0.020,,,,0.002,8,,NNW,1.1,9.6,71.4
13101010,2020/12/02,01,0.001,0,0.020,0.020,,0.015,,,,0.013,11,,NNW,0.6,9.5,71.1
13101010,2020/12/02,02,0.001,0,0.017,0.017,,0.017,,,,0.011,10,,N,0.7,9.5,70.6
13101010,2020/12/02,03,0.001,0,0.017,0.017,,0.016,,,,0.010,8,,N,0.6,9.3,66.8
13101010,2020/12/02,04,0.001,0,0.017,0.017,,0.014,,,,0.009,7,,NNW,0.8,9.0,64.8
13101010,2020/12/02,05,0.001,0,0.016,0.016,,0.014,,,,0.015,10,,N,0.8,9.2,62.3
13101010,2020/12/02,06,0,0,0.016,0.016,,0.013,,,,0.001,7,,NNE,1.2,9.1,62.2
13101010,2020/12/02,07,0,0.001,0.021,0.022,,0.009,,,,0.003,9,,NNW,1.5,8.9,63.1
13101010,2020/12/02,08,0,0.005,0.024,0.029,,0.007,,,,0.014,7,,NNW,1.4,9.0,61.9
13101010,2020/12/02,09,0.001,0.007,0.024,0.031,,0.009,,,,0.006,9,,N,0.9,9.8,60.9
13101010,2020/12/02,10,0.001,0.011,0.027,0.038,,0.007,,,,0.006,9,,NW,1.0,9.8,61.7
13101010,2020/12/02,11,0.001,0.009,0.025,0.034,,0.009,,,,0.021,8,,N,1.2,9.7,61.8
13101010,2020/12/02,12,,,,,,,,,,,8,,NNE,0.7,9.6,65.6
13101010,2020/12/02,13,0.001,0.005,0.020,0.025,,0.013,,,,0.011,12,,ENE,0.6,9.9,68.6
13101010,2020/12/02,14,0.001,0.004,0.019,0.023,,0.016,,,,0.004,11,,N,0.6,9.5,77.1
13101010,2020/12/02,15,0,0.002,0.017,0.019,,0.019,,,,0,7,,NNE,0.6,9.3,78.4
13101010,2020/12/02,16,0,0.002,0.017,0.019,,0.019,,,,0.006,9,,E,0.4,8.3,84.2
13101010,2020/12/02,17,0,0.001,0.018,0.019,,0.017,,,,0.013,10,,ENE,0.4,8.2,89.2
13101010,2020/12/02,18,0,0.001,0.018,0.019,,0.017,,,,0.010,10,,N,0.3,8.1,90.5
13101010,2020/12/02,19,0,0.001,0.017,0.018,,0.018,,,,0.015,11,,N,0.7,8.0,91.2
13101010,2020/12/02,20,0,0.001,0.017,0.018,,0.019,,,,0.014,13,,N,1.3,7.9,92.1
13101010,2020/12/02,21,0,0.001,0.014,0.015,,0.022,,,,0.013,14,,NNW,1.0,7.9,92.1
13101010,2020/12/02,22,0,0,0.013,0.013,,0.023,,,,0.007,10,,NNW,1.2,7.9,92.3
13101010,2020/12/02,23,0,0,0.011,0.011,,0.023,,,,0.014,9,,N,0.9,7.8,90.7
13101010,2020/12/02,24,0,0,0.011,0.011,,0.022,,,,0.012,10,,N,0.9,8.0,89.3
13101010,2020/12/03,01,0,0,0.011,0.011,,0.021,,,,0.011,11,,N,0.8,8.2,88.3
13101010,2020/12/03,02,0,0,0.010,0.010,,0.021,,,,0.011,9,,WNW,0.4,8.5,86.9
13101010,2020/12/03,03,0,0,0.011,0.011,,0.019,,,,0.010,12,,WNW,0.6,8.1,86.8
13101010,2020/12/03,04,0,0,0.012,0.012,,0.016,,,,0.013,13,,N,0.6,7.8,90.9
13101010,2020/12/03,05,0,0,0.011,0.011,,0.017,,,,0.012,11,,NW,1.6,7.2,90.4
13101010,2020/12/03,06,0,0,0.009,0.009,,0.021,,,,0.007,9,,N,1.2,7.4,90.7
13101010,2020/12/03,07,0,0.001,0.012,0.013,,0.018,,,,0.013,12,,NW,0.7,7.6,89.0
13101010,2020/12/03,08,0,0.003,0.017,0.020,,0.010,,,,0.017,18,,NNW,0.7,7.6,87.4
13101010,2020/12/03,09,0,0.006,0.020,0.026,,0.008,,,,0.022,18,,WNW,0.5,8.2,85.9
13101010,2020/12/03,10,0,0.008,0.022,0.030,,0.008,,,,0.021,20,,NNE,0.3,8.3,86.3
13101010,2020/12/03,11,0,0.009,0.023,0.032,,0.009,,,,0.021,20,,NW,0.6,8.7,85.8
13101010,2020/12/03,12,0,0.008,0.023,0.031,,0.010,,,,0.026,24,,NNE,0.4,9.1,85.5
13101010,2020/12/03,13,0,0.007,0.021,0.028,,0.013,,,,0.027,25,,N,0.6,9.6,82.9
13101010,2020/12/03,14,0.001,0.009,0.023,0.032,,0.013,,,,0.027,26,,N,0.9,10.3,81.7
13101010,2020/12/03,15,0,0.006,0.025,0.031,,0.012,,,,0.024,24,,NNW,0.6,10.2,80.5
13101010,2020/12/03,16,0,0.005,0.027,0.032,,0.010,,,,0.024,21,,CALM,0.2,10.5,80.0
13101010,2020/12/03,17,0,0.003,0.031,0.034,,0.006,,,,0.020,21,,CALM,0.1,10.9,80.4
13101010,2020/12/03,18,0,0.002,0.029,0.031,,0.007,,,,0.031,23,,NNW,0.6,10.3,81.6
13101010,2020/12/03,19,0,0.002,0.028,0.030,,0.007,,,,0.028,28,,NNW,1.1,9.9,83.0
13101010,2020/12/03,20,0,0.001,0.025,0.026,,0.009,,,,0.030,29,,NNW,0.8,9.8,83.5
13101010,2020/12/03,21,0,0.001,0.024,0.025,,0.011,,,,0.031,26,,NNE,0.3,9.7,83.2
13101010,2020/12/03,22,0,0.001,0.023,0.024,,0.013,,,,0.025,24,,NNW,0.6,9.6,82.0
13101010,2020/12/03,23,0,0.001,0.020,0.021,,0.016,,,,0.017,21,,NNW,1.1,9.5,81.9
13101010,2020/12/03,24,0,0.001,0.021,0.022,,0.016,,,,0.018,18,,N,0.7,9.1,82.7
13101010,2020/12/04,01,0,0.004,0.029,0.033,,0.004,,,,0.026,27,,N,1.2,8.0,88.3
13101010,2020/12/04,02,0,0.003,0.026,0.029,,0.002,,,,0.023,25,,NW,0.6,8.1,88.8
13101010,2020/12/04,03,0,0.002,0.024,0.026,,0.003,,,,0.041,28,,NNE,0.4,8.0,87.7
13101010,2020/12/04,04,0,0.003,0.024,0.027,,0.001,,,,0.022,26,,NNW,0.7,7.5,87.0
13101010,2020/12/04,05,0,0.004,0.023,0.027,,0.003,,,,0.021,18,,N,0.6,7.8,80.1
13101010,2020/12/04,06,0,0.002,0.021,0.023,,0.006,,,,0.012,13,,NNW,0.7,7.4,76.4
13101010,2020/12/04,07,0,0.005,0.025,0.030,,0.004,,,,0.016,13,,NNW,0.6,7.9,74.4
13101010,2020/12/04,08,0,0.006,0.025,0.031,,0.008,,,,0.006,9,,NNW,0.5,8.1,64.6
13101010,2020/12/04,09,0,0.010,0.025,0.035,,0.013,,,,0.010,5,,NNW,1.0,8.7,59.2
13101010,2020/12/04,10,0,0.012,0.025,0.037,,0.015,,,,0.017,8,,N,1.5,9.8,53.9
13101010,2020/12/04,11,0,0.007,0.016,0.023,,0.025,,,,0,5,,N,0.9,11.1,48.6
13101010,2020/12/04,12,0,0.004,0.010,0.014,,0.032,,,,0.001,1,,NNW,1.6,12.0,40.2
13101010,2020/12/04,13,0.001,0.002,0.008,0.010,,0.034,,,,0.007,2,,NNW,1.5,12.7,35.4
13101010,2020/12/04,14,0.002,0.003,0.010,0.013,,0.034,,,,0,3,,NNW,1.0,13.1,32.9
13101010,2020/12/04,15,0.002,0.002,0.010,0.012,,0.034,,,,0,2,,NNW,0.8,13.1,33.1
13101010,2020/12/04,16,0.001,0.001,0.011,0.012,,0.032,,,,0.002,3,,NNW,0.9,13.0,33.2
13101010,2020/12/04,17,0.001,0.001,0.014,0.015,,0.029,,,,0.009,2,,NNW,0.8,12.6,33.9
13101010,2020/12/04,18,0.001,0.001,0.019,0.020,,0.022,,,,0.005,8,,E,0.6,12.2,46.7
13101010,2020/12/04,19,0,0.001,0.017,0.018,,0.025,,,,0.008,16,,ENE,0.3,11.5,50.8
13101010,2020/12/04,20,0.001,0.001,0.018,0.019,,0.024,,,,0.024,36,,ENE,0.4,11.2,52.3
13101010,2020/12/04,21,0.001,0.001,0.020,0.021,,0.021,,,,0.027,26,,ENE,0.3,11.0,49.9
13101010,2020/12/04,22,0.001,0.001,0.020,0.021,,0.020,,,,0.020,21,,ENE,0.3,9.9,52.1
13101010,2020/12/04,23,0,0.001,0.016,0.017,,0.021,,,,0.005,8,,N,0.4,9.2,45.2
13101010,2020/12/04,24,0,0,0.013,0.013,,0.024,,,,0.010,7,,NNE,0.3,8.9,46.6
13101010,2020/12/05,01,0,0,0.015,0.015,,,,,,0.005,5,,N,0.4,8.3,47.9
13101010,2020/12/05,02,0,0.001,0.017,0.018,,0.017,,,,0.002,9,,WNW,1.0,8.1,50.7
13101010,2020/12/05,03,0.001,0.001,0.018,0.019,,0.014,,,,0.011,10,,N,0.7,7.6,50.4
13101010,2020/12/05,04,0.001,0,0.015,0.015,,0.018,,,,0.001,7,,NNE,0.5,8.1,51.2
13101010,2020/12/05,05,0.001,0.001,0.016,0.017,,0.014,,,,0.009,6,,N,0.8,7.8,54.1
13101010,2020/12/05,06,0.001,0.001,0.018,0.019,,0.011,,,,0.015,8,,N,0.8,6.8,65.0
13101010,2020/12/05,07,0,0.001,0.017,0.018,,0.012,,,,0.005,13,,N,0.7,6.3,74.1
13101010,2020/12/05,08,0.001,0.004,0.021,0.025,,0.010,,,,0.006,11,,NNW,0.7,5.7,75.8
13101010,2020/12/05,09,0.001,0.005,0.022,0.027,,0.010,,,,0.002,9,,NNW,0.7,6.3,74.7
13101010,2020/12/05,10,0.001,0.004,0.022,0.026,,0.014,,,,0.008,9,,NW,0.9,6.7,81.5
13101010,2020/12/05,11,0.001,0.007,0.026,0.033,,0.011,,,,0.010,10,,NNW,1.4,6.3,88.4
13101010,2020/12/05,12,0,0.006,0.026,0.032,,0.011,,,,0,10,,WNW,0.6,6.9,91.7
13101010,2020/12/05,13,0,0.005,0.022,0.027,,0.015,,,,0.007,10,,NW,0.6,7.2,91.6
13101010,2020/12/05,14,0,0.006,0.023,0.029,,0.013,,,,0.015,10,,NNW,0.6,7.2,90.8
13101010,2020/12/05,15,0,0.006,0.024,0.030,,0.012,,,,0.004,13,,NNE,0.6,7.3,90.8
13101010,2020/12/05,16,0,0.004,0.026,0.030,,0.012,,,,0.006,14,,N,0.5,7.7,89.6
13101010,2020/12/05,17,0,0.002,0.025,0.027,,0.013,,,,0.017,14,,NNW,0.4,8.0,88.5
13101010,2020/12/05,18,0,0.001,0.021,0.022,,0.016,,,,0.010,10,,NNE,0.6,8.2,86.6
13101010,2020/12/05,19,0,0.001,0.020,0.021,,0.017,,,,0.018,11,,NNE,0.6,8.2,86.7
13101010,2020/12/05,20,0,0.001,0.018,0.019,,0.019,,,,0.010,10,,NNE,0.3,8.5,84.9
13101010,2020/12/05,21,0,0.001,0.018,0.019,,0.019,,,,0.011,9,,NNW,0.6,8.3,85.3
13101010,2020/12/05,22,0,0.001,0.024,0.025,,0.012,,,,0.016,11,,NNW,0.4,8.6,87.5
13101010,2020/12/05,23,0,0.001,0.026,0.027,,0.009,,,,0.009,13,,N,0.7,8.1,84.1
13101010,2020/12/05,24,0.001,0.001,0.024,0.025,,0.006,,,,0.017,21,,N,0.6,7.8,80.9
13101010,2020/12/06,01,0.001,0.001,0.025,0.026,,0.004,,,,0.024,20,,N,0.6,7.6,80.5
13101010,2020/12/06,02,0.001,0.001,0.022,0.023,,0.004,,,,0.023,24,,NNE,0.4,7.5,82.5
13101010,2020/12/06,03,0.001,0.002,0.024,0.026,,0.003,,,,0.028,24,,NW,0.5,7.3,81.7
13101010,2020/12/06,04,0.001,0.001,0.022,0.023,,0.004,,,,0.026,23,,N,0.4,7.4,79.3
13101010,2020/12/06,05,0.001,0.004,0.023,0.027,,0.002,,,,0.018,25,,NNE,0.3,7.2,82.6
13101010,2020/12/06,06,0.001,0.009,0.022,0.031,,0.001,,,,0.027,25,,WNW,0.9,6.2,81.9
13101010,2020/12/06,07,0.001,0.007,0.020,0.027,,0.001,,,,0.022,23,,NW,0.4,6.2,81.4
13101010,2020/12/06,08,0.001,0.007,0.016,0.023,,0.006,,,,0.014,16,,NW,1.0,6.2,74.6
13101010,2020/12/06,09,0.001,0.007,0.013,0.020,,0.011,,,,0.018,13,,NNW,0.3,7.5,72.3
13101010,2020/12/06,10,0.001,0.005,0.012,0.017,,0.016,,,,0.023,15,,NNE,1.0,8.8,69.3
13101010,2020/12/06,11,0.001,0.003,0.012,0.015,,0.021,,,,0.013,12,,CALM,0.2,10.3,65.7
13101010,2020/12/06,12,0.001,0.003,0.011,0.014,,0.024,,,,0.011,10,,CALM,0.1,11.1,64.8
13101010,2020/12/06,13,0,0.002,0.011,0.013,,0.028,,,,0.004,9,,E,0.3,11.8,59.6
13101010,2020/12/06,14,0.001,0.002,0.013,0.015,,0.030,,,,0.003,8,,CALM,0.2,12.3,58.7
13101010,2020/12/06,15,0,0.001,0.012,0.013,,0.030,,,,0.014,8,,ENE,0.4,12.8,57.2
13101010,2020/12/06,16,0,0.001,0.012,0.013,,0.029,,,,0.005,7,,CALM,0,12.3,56.5
13101010,2020/12/06,17,0,0,0.013,0.013,,0.028,,,,0.010,6,,CALM,0,12.7,56.8
13101010,2020/12/06,18,0,0,0.020,0.020,,0.020,,,,0.016,8,,CALM,0,12.0,59.7
13101010,2020/12/06,19,0.001,0.001,0.024,0.025,,0.016,,,,0.010,11,,CALM,0,11.6,63.4
13101010,2020/12/06,20,0.001,0.001,0.026,0.027,,0.015,,,,0.017,13,,CALM,0,11.3,66.5
13101010,2020/12/06,21,0,0.001,0.022,0.023,,0.018,,,,0.009,10,,CALM,0,11.0,69.7
13101010,2020/12/06,22,0,0.001,0.023,0.024,,0.018,,,,0.012,10,,CALM,0,11.1,72.1
13101010,2020/12/06,23,0,0.001,0.025,0.026,,0.017,,,,0.008,8,,CALM,0,10.8,74.8
13101010,2020/12/06,24,0,0.001,0.026,0.027,,0.015,,,,0.008,6,,NW,0.3,10.5,74.8
13101010,2020/12/07,01,,,,,,0.001,,,,0.021,15,,N,1.0,9.1,75.2
13101010,2020/12/07,02,0.001,0.013,0.034,0.047,,0.001,,,,0.022,15,,NW,0.3,8.6,76.4
13101010,2020/12/07,03,0,0.003,0.027,0.030,,0.003,,,,0.022,17,,NNE,0.6,8.1,75.1
13101010,2020/12/07,04,0,0.001,0.023,0.024,,0.005,,,,0.020,16,,CALM,0.1,7.7,72.8
13101010,2020/12/07,05,0,0.001,0.020,0.021,,0.007,,,,0.015,11,,N,0.4,7.2,72.2
13101010,2020/12/07,06,0,0.001,0.018,0.019,,0.007,,,,0.010,10,,WNW,0.6,7.0,71.7
13101010,2020/12/07,07,0,0.004,0.021,0.025,,0.005,,,,0.012,13,,NNW,0.5,6.7,76.5
13101010,2020/12/07,08,0,0.014,0.023,0.037,,0.004,,,,0.018,20,,WNW,0.4,7.2,78.1
13101010,2020/12/07,09,0.001,0.019,0.024,0.043,,0.007,,,,0.018,18,,W,0.6,8.6,72.8
13101010,2020/12/07,10,0.001,0.019,0.025,0.044,,0.010,,,,0.004,17,,CALM,0.2,10.3,65.9
13101010,2020/12/07,11,,,,,,,,,,,21,,CALM,0.2,12.2,59.9
13101010,2020/12/07,12,,,,,,0.009,,,,,,,WNW,0.5,13.8,52.8
13101010,2020/12/07,13,0,0.009,0.027,0.036,,0.022,,,,0.018,15,,CALM,0.2,14.7,47.9
13101010,2020/12/07,14,0,0.007,0.028,0.035,,0.023,,,,0.010,15,,ENE,0.5,15.0,47.1
13101010,2020/12/07,15,0.001,0.019,0.049,0.068,,0.009,,,,0.025,27,,CALM,0.1,14.7,56.8
13101010,2020/12/07,16,0.002,0.032,0.058,0.090,,0.003,,,,0.030,29,,CALM,0.2,14.2,57.2
13101010,2020/12/07,17,0.001,0.029,0.059,0.088,,0.001,,,,0.031,27,,CALM,0,13.8,58.6
13101010,2020/12/07,18,0.001,0.034,0.061,0.095,,0.001,,,,0.024,23,,CALM,0,14.1,55.3
13101010,2020/12/07,19,0.001,0.039,0.060,0.099,,0.001,,,,0.036,32,,CALM,0,14.1,53.7
13101010,2020/12/07,20,0.001,0.033,0.060,0.093,,0.001,,,,0.038,34,,CALM,0.2,13.8,56.8
13101010,2020/12/07,21,0.002,0.049,0.062,0.111,,0.001,,,,0.044,40,,CALM,0.2,13.5,60.3
13101010,2020/12/07,22,0.001,0.032,0.059,0.091,,0.001,,,,0.036,31,,CALM,0.2,12.7,63.3
13101010,2020/12/07,23,0.001,0.058,0.060,0.118,,0.001,,,,0.024,33,,NNE,0.3,11.4,67.4
13101010,2020/12/07,24,0.001,0.060,0.056,0.116,,0.001,,,,0.038,32,,N,0.3,11.2,68.8
13101010,2020/12/08,01,0.001,0.019,0.046,0.065,,0.001,,,,0.038,34,,N,0.4,11.0,66.4
13101010,2020/12/08,02,0.001,0.009,0.042,0.051,,0.001,,,,0.034,34,,CALM,0.1,10.8,66.6
13101010,2020/12/08,03,0.001,0.018,0.042,0.060,,0,,,,0.031,30,,N,0.4,10.5,68.0
13101010,2020/12/08,04,0.001,0.014,0.038,0.052,,0,,,,0.039,33,,CALM,0.2,10.2,69.8
13101010,2020/12/08,05,0.001,0.015,0.035,0.050,,0,,,,0.021,25,,W,0.3,9.6,70.6
13101010,2020/12/08,06,0.001,0.011,0.032,0.043,,0.001,,,,0.011,19,,WNW,0.3,9.9,69.1
13101010,2020/12/08,07,0.001,0.028,0.034,0.062,,0,,,,0.025,18,,CALM,0.2,10.0,70.3
13101010,2020/12/08,08,0.001,0.042,0.034,0.076,,0.001,,,,0.018,19,,CALM,0.1,10.5,67.3
13101010,2020/12/08,09,0.001,0.037,0.035,0.072,,0.004,,,,0.015,17,,W,1.1,11.4,63.1
13101010,2020/12/08,10,0.001,0.023,0.033,0.056,,0.010,,,,0.018,15,,NW,1.1,12.9,56.1
13101010,2020/12/08,11,0,0.013,0.028,0.041,,0.016,,,,0.018,10,,NNE,0.4,13.4,53.0
13101010,2020/12/08,12,0.001,0.009,0.024,0.033,,0.021,,,,0.018,13,,N,0.8,14.3,49.8
13101010,2020/12/08,13,0.001,0.004,0.016,0.020,,0.033,,,,0.012,9,,NNW,0.8,15.6,46.8
13101010,2020/12/08,14,0,0.002,0.014,0.016,,0.038,,,,0.015,8,,WNW,0.6,15.8,43.6
13101010,2020/12/08,15,0,0.001,0.016,0.017,,0.035,,,,0.009,5,,WNW,0.3,16.1,38.8
13101010,2020/12/08,16,0,0.002,0.029,0.031,,0.024,,,,0.013,11,,CALM,0.2,15.2,55.2
13101010,2020/12/08,17,0,0.001,0.032,0.033,,0.022,,,,0.005,10,,ESE,0.5,14.7,57.2
13101010,2020/12/08,18,0,0.001,0.015,0.016,,0.031,,,,0.013,10,,ENE,0.3,14.0,58.1
13101010,2020/12/08,19,0,0,0.015,0.015,,0.032,,,,0.007,13,,E,0.5,13.5,61.5
13101010,2020/12/08,20,0,0,0.013,0.013,,0.032,,,,0.003,10,,ENE,0.5,13.1,66.1
13101010,2020/12/08,21,0,0,0.011,0.011,,0.033,,,,0.014,9,,E,0.4,12.7,66.3
13101010,2020/12/08,22,0,0,0.010,0.010,,0.032,,,,0.006,8,,E,0.8,12.3,67.8
13101010,2020/12/08,23,0,0.001,0.011,0.012,,0.029,,,,0.001,5,,NE,0.7,11.4,58.8
13101010,2020/12/08,24,0,0,0.007,0.007,,0.031,,,,0,4,,NNW,1.8,10.7,59.0
13101010,2020/12/09,01,0,0,0.008,0.008,,0.029,,,,0.007,2,,N,0.3,10.7,58.8
13101010,2020/12/09,02,0,0,0.008,0.008,,0.028,,,,0,4,,ENE,0.7,10.1,56.5
13101010,2020/12/09,03,0,0,0.007,0.007,,0.030,,,,0.003,4,,ENE,0.4,10.2,56.4
13101010,2020/12/09,04,0,0,0.008,0.008,,0.029,,,,0,4,,ENE,0.4,9.9,57.4
13101010,2020/12/09,05,0,0,0.008,0.008,,0.028,,,,0.002,4,,N,0.6,9.9,52.9
13101010,2020/12/09,06,0,0,0.009,0.009,,0.027,,,,0.006,3,,CALM,0.2,10.1,52.3
13101010,2020/12/09,07,0,0.001,0.014,0.015,,0.023,,,,0.003,5,,CALM,0.1,10.5,57.1
13101010,2020/12/09,08,0,0.002,0.017,0.019,,0.021,,,,0.002,6,,E,0.5,10.5,59.1
13101010,2020/12/09,09,0,0.002,0.018,0.020,,0.021,,,,0.010,5,,ENE,0.4,10.8,58.3
13101010,2020/12/09,10,0,0.004,0.021,0.025,,0.019,,,,0.004,4,,ENE,0.3,11.3,56.8
13101010,2020/12/09,11,0,0.004,0.022,0.026,,0.019,,,,0.008,6,,E,0.4,11.1,54.3
13101010,2020/12/09,12,0,0.004,0.021,0.025,,0.020,,,,0.008,8,,CALM,0.2,11.5,55.8
13101010,2020/12/09,13,0,0.004,0.019,0.023,,0.022,,,,0.008,8,,NE,0.6,11.7,55.8
13101010,2020/12/09,14,0,0.003,0.018,0.021,,0.023,,,,0.007,10,,E,0.5,12.3,56.3
13101010,2020/12/09,15,0,0.002,0.016,0.018,,0.025,,,,0.013,7,,E,0.5,11.9,56.7
13101010,2020/12/09,16,0,0.002,0.016,0.018,,0.023,,,,0.011,10,,E,0.5,11.6,59.6
13101010,2020/12/09,17,0.001,0.001,0.017,0.018,,0.022,,,,0.005,11,,ENE,0.3,11.0,58.4
13101010,2020/12/09,18,0.001,0.001,0.020,0.021,,0.021,,,,0.003,12,,N,0.3,10.5,59.7
13101010,2020/12/09,19,0,0.001,0.016,0.017,,0.023,,,,0.008,11,,NNE,0.3,10.3,61.0
13101010,2020/12/09,20,0.001,0,0.019,0.019,,0.021,,,,0.017,11,,NNE,0.3,10.5,61.3
13101010,2020/12/09,21,0.001,0.001,0.020,0.021,,0.020,,,,0.010,10,,NNW,1.2,10.2,60.0
13101010,2020/12/09,22,0,0,0.017,0.017,,0.023,,,,0.006,8,,N,0.9,10.3,58.9
13101010,2020/12/09,23,0.001,0,0.018,0.018,,0.022,,,,0.006,8,,ENE,0.4,10.7,55.3
13101010,2020/12/09,24,0.001,0,0.017,0.017,,0.023,,,,0.006,10,,N,1.0,10.2,53.0
13101010,2020/12/10,01,0,0,0.022,0.022,,0.016,,,,0.010,14,,N,1.0,9.6,58.0
13101010,2020/12/10,02,0,0.001,0.032,0.033,,0.006,,,,0.016,18,,NNW,0.5,9.5,60.9
13101010,2020/12/10,03,0.001,0.001,0.031,0.032,,0.004,,,,0.020,23,,N,0.6,9.2,62.5
13101010,2020/12/10,04,0,0.001,0.022,0.023,,0.010,,,,0.019,19,,NW,1.2,8.4,64.1
13101010,2020/12/10,05,0,0.001,0.019,0.020,,0.010,,,,0.017,20,,N,0.7,8.3,66.7
13101010,2020/12/10,06,0,0.001,0.017,0.018,,0.011,,,,0.016,15,,N,0.6,8.3,65.6
13101010,2020/12/10,07,0,0.001,0.017,0.018,,0.012,,,,0.019,15,,N,0.5,8.3,64.9
13101010,2020/12/10,08,0,0.002,0.020,0.022,,0.011,,,,0.019,15,,NW,0.7,8.2,63.1
13101010,2020/12/10,09,0,0.005,0.022,0.027,,0.010,,,,0.017,19,,N,1.2,7.2,73.9
13101010,2020/12/10,10,0,0.008,0.021,0.029,,0.013,,,,0.014,15,,NNW,0.8,8.7,66.6
13101010,2020/12/10,11,0.001,0.014,0.024,0.038,,0.014,,,,0.014,17,,NW,1.0,10.1,63.2
13101010,2020/12/10,12,0,0.006,0.020,0.026,,0.019,,,,0.009,16,,NW,0.9,10.5,59.4
13101010,2020/12/10,13,0,0.004,0.017,0.021,,0.023,,,,0.008,17,,N,1.3,10.8,60.8
13101010,2020/12/10,14,0.001,0.006,0.019,0.025,,0.022,,,,0.019,20,,NNE,0.7,11.7,61.5
13101010,2020/12/10,15,0.001,0.004,0.022,0.026,,0.022,,,,0.017,16,,N,0.7,12.3,62.6
13101010,2020/12/10,16,0,0.002,0.023,0.025,,0.022,,,,0.020,19,,NNW,0.5,12.3,64.3
13101010,2020/12/10,17,0.001,0.002,0.024,0.026,,0.020,,,,0.021,17,,ENE,0.4,12.7,66.4
13101010,2020/12/10,18,0,0.001,0.028,0.029,,0.012,,,,0.013,18,,ENE,0.3,12.2,67.7
13101010,2020/12/10,19,0,0.001,0.024,0.025,,0.015,,,,0.018,19,,CALM,0.2,11.9,73.6
13101010,2020/12/10,20,0,0.002,0.030,0.032,,0.009,,,,0.024,26,,CALM,0.2,11.6,77.0
13101010,2020/12/10,21,0,0.003,0.036,0.039,,0.003,,,,0.019,21,,CALM,0.1,11.9,77.7
13101010,2020/12/10,22,0,0.004,0.037,0.041,,0.002,,,,0.027,22,,CALM,0.1,11.6,80.5
13101010,2020/12/10,23,0,0.004,0.037,0.041,,0.002,,,,0.016,17,,WNW,0.4,11.8,78.4
13101010,2020/12/10,24,0.001,0.027,0.044,0.071,,0.001,,,,0.017,21,,WNW,0.5,11.1,77.2
13101010,2020/12/11,01,0.001,0.025,0.043,0.068,,,,,,0.027,21,,WSW,0.5,10.5,72.5
13101010,2020/12/11,02,0.001,0.013,0.039,0.052,,0.001,,,,0.022,21,,WNW,0.6,9.9,71.1
13101010,2020/12/11,03,0.001,0.023,0.037,0.060,,0.001,,,,0.021,22,,WSW,0.3,9.5,72.8
13101010,2020/12/11,04,0.001,0.014,0.035,0.049,,0.001,,,,0.023,31,,NNW,0.3,9.1,75.5
13101010,2020/12/11,05,0.001,0.016,0.032,0.048,,0.001,,,,0.024,29,,CALM,0.1,8.6,74.7
13101010,2020/12/11,06,0.001,0.009,0.030,0.039,,0.001,,,,0.027,29,,CALM,0.1,8.8,75.7
13101010,2020/12/11,07,0.001,0.011,0.030,0.041,,0.001,,,,0.023,29,,CALM,0.2,8.6,76.8
13101010,2020/12/11,08,0.001,0.031,0.031,0.062,,0.002,,,,0.026,30,,NNW,0.3,8.8,76.4
13101010,2020/12/11,09,0.001,0.030,0.031,0.061,,0.004,,,,0.027,28,,NNW,0.5,9.2,74.6
13101010,2020/12/11,10,0.001,0.030,0.034,0.064,,0.007,,,,0.030,29,,NW,0.5,10.4,69.4
13101010,2020/12/11,11,0.001,0.023,0.038,0.061,,0.009,,,,0.028,37,,E,0.4,11.7,66.2
13101010,2020/12/11,12,0.001,0.018,0.040,0.058,,0.009,,,,0.033,34,,CALM,0.2,13.0,66.3
13101010,2020/12/11,13,0.001,0.008,0.029,0.037,,0.020,,,,0.016,23,,N,0.4,13.3,63.8
13101010,2020/12/11,14,0,0.004,0.025,0.029,,0.023,,,,0.017,18,,ENE,0.4,13.9,58.9
13101010,2020/12/11,15,0.001,0.003,0.027,0.030,,0.022,,,,0.017,15,,E,0.4,14.1,60.0
13101010,2020/12/11,16,0.002,0.002,0.028,0.030,,0.019,,,,0.018,16,,ENE,0.3,14.0,63.3
13101010,2020/12/11,17,0.002,0.002,0.030,0.032,,0.015,,,,0.014,15,,ENE,0.3,13.8,66.6
13101010,2020/12/11,18,0.002,0.002,0.032,0.034,,0.013,,,,0.013,15,,CALM,0.1,13.8,67.6
13101010,2020/12/11,19,0.001,0.001,0.033,0.034,,0.011,,,,0.015,17,,CALM,0.1,13.7,67.6
13101010,2020/12/11,20,0.001,0.001,0.033,0.034,,0.010,,,,0.019,23,,CALM,0.2,13.0,68.4
13101010,2020/12/11,21,0.001,0.001,0.032,0.033,,0.012,,,,0.025,23,,CALM,0.2,12.8,70.2
13101010,2020/12/11,22,0.001,0.001,0.030,0.031,,0.013,,,,0.028,19,,N,0.6,12.3,70.3
13101010,2020/12/11,23,0.001,0.001,0.031,0.032,,0.012,,,,0.011,12,,NNE,0.5,12.1,71.0
13101010,2020/12/11,24,0.001,0.001,0.029,0.030,,0.012,,,,0.025,18,,N,0.4,11.8,72.9
13101010,2020/12/12,01,0.001,0.002,0.036,0.038,,0.004,,,,0.034,29,,NNW,0.6,11.0,71.0
13101010,2020/12/12,02,0.001,0.001,0.032,0.033,,0.006,,,,0.028,29,,WNW,0.8,11.0,68.0
13101010,2020/12/12,03,0.001,0.001,0.028,0.029,,0.008,,,,0.028,29,,WNW,0.4,10.9,67.2
13101010,2020/12/12,04,0.001,0.001,0.027,0.028,,0.008,,,,0.030,29,,NW,0.7,10.8,66.0
13101010,2020/12/12,05,0.001,0.001,0.024,0.025,,0.008,,,,0.022,32,,WNW,0.5,10.6,66.3
13101010,2020/12/12,06,0.001,0.001,0.022,0.023,,0.009,,,,0.024,33,,NW,0.3,11.0,65.9
13101010,2020/12/12,07,0.001,0.002,0.027,0.029,,0.005,,,,0.029,32,,N,0.4,10.7,66.7
13101010,2020/12/12,08,0.001,0.009,0.028,0.037,,0.004,,,,0.032,33,,W,0.3,11.2,66.0
13101010,2020/12/12,09,0.001,0.014,0.029,0.043,,0.005,,,,0.036,34,,WNW,0.4,11.0,65.1
13101010,2020/12/12,10,0.001,0.018,0.029,0.047,,0.007,,,,0.035,35,,N,0.4,12.2,64.8
13101010,2020/12/12,11,0.001,0.018,0.030,0.048,,0.011,,,,0.034,36,,NNW,0.4,12.5,65.0
13101010,2020/12/12,12,0.001,0.011,0.026,0.037,,0.020,,,,0.021,28,,NW,0.4,13.7,65.2
13101010,2020/12/12,13,0.001,0.007,0.026,0.033,,0.025,,,,0.029,26,,CALM,0.2,14.7,59.5
13101010,2020/12/12,14,0.001,0.004,0.025,0.029,,0.028,,,,0.025,23,,N,0.6,14.4,57.2
13101010,2020/12/12,15,0.001,0.003,0.026,0.029,,0.030,,,,0.029,27,,N,0.3,14.7,57.0
13101010,2020/12/12,16,0.001,0.002,0.031,0.033,,0.024,,,,0.040,32,,N,0.8,14.1,56.3
13101010,2020/12/12,17,0.001,0.001,0.029,0.030,,0.024,,,,0.033,30,,NNE,0.3,14.1,56.5
13101010,2020/12/12,18,0.001,0.001,0.033,0.034,,0.019,,,,0.044,40,,E,0.3,13.8,58.0
13101010,2020/12/12,19,0.001,0.001,0.025,0.026,,0.023,,,,0.031,34,,E,0.7,13.0,69.9
13101010,2020/12/12,20,0,0,0.011,0.011,,0.031,,,,0.015,14,,ENE,0.4,12.3,75.5
13101010,2020/12/12,21,0,0,0.011,0.011,,0.030,,,,0.011,9,,ENE,0.5,12.0,73.5
13101010,2020/12/12,22,0,0,0.011,0.011,,0.029,,,,0.016,7,,ENE,0.7,11.7,72.1
13101010,2020/12/12,23,0,0,0.010,0.010,,0.028,,,,0.006,7,,ENE,0.7,11.2,72.3
13101010,2020/12/12,24,0,0,0.010,0.010,,0.029,,,,0.009,6,,CALM,0.2,11.1,70.6
13101010,2020/12/13,01,,,,,,0.030,,,,0.008,7,,CALM,0.2,11.1,70.1
13101010,2020/12/13,02,0.001,0.001,0.010,0.011,,0.029,,,,0.001,7,,E,0.3,10.8,69.7
13101010,2020/12/13,03,0.001,0,0.009,0.009,,0.030,,,,0.007,6,,CALM,0.1,10.5,70.2
13101010,2020/12/13,04,0,0,0.009,0.009,,0.030,,,,0.004,7,,CALM,0.2,10.5,69.8
13101010,2020/12/13,05,0,0,0.009,0.009,,0.030,,,,0.008,7,,CALM,0.2,10.4,70.6
13101010,2020/12/13,06,0,0,0.008,0.008,,0.030,,,,0.014,7,,CALM,0,10.1,71.5
13101010,2020/12/13,07,0,0,0.011,0.011,,0.026,,,,0.002,8,,CALM,0.2,10.4,71.2
13101010,2020/12/13,08,0,0.001,0.013,0.014,,0.026,,,,0.011,9,,CALM,0,10.4,70.8
13101010,2020/12/13,09,0.001,0.003,0.017,0.020,,0.021,,,,0.011,12,,N,0.5,10.3,70.3
13101010,2020/12/13,10,0.001,0.004,0.017,0.021,,0.023,,,,0.009,13,,NNE,0.3,11.0,68.4
13101010,2020/12/13,11,0.001,0.004,0.018,0.022,,0.025,,,,0.013,15,,NNE,0.4,11.7,66.6
13101010,2020/12/13,12,0.001,0.004,0.017,0.021,,0.029,,,,0.017,13,,E,0.3,13.0,62.9
13101010,2020/12/13,13,0.001,0.002,0.016,0.018,,0.033,,,,0.015,11,,NNW,0.6,13.7,57.7
13101010,2020/12/13,14,0.001,0.002,0.014,0.016,,0.037,,,,0.015,12,,NNE,0.3,14.6,50.3
13101010,2020/12/13,15,0.001,0.001,0.012,0.013,,0.038,,,,0.008,9,,W,1.0,14.6,46.4
13101010,2020/12/13,16,0,0,0.008,0.008,,0.039,,,,0,7,,N,1.3,13.7,41.6
13101010,2020/12/13,17,0,0.001,0.007,0.008,,0.037,,,,0.003,5,,NNW,0.8,13.0,38.9
13101010,2020/12/13,18,0,0.001,0.009,0.010,,0.032,,,,0.001,13,,E,1.1,11.1,71.2
13101010,2020/12/13,19,0,0.001,0.009,0.010,,0.030,,,,0.009,11,,E,0.9,10.2,70.7
13101010,2020/12/13,20,0,0.001,0.008,0.009,,0.031,,,,0.005,5,,ENE,0.6,10.2,68.9
13101010,2020/12/13,21,0,0.001,0.012,0.013,,0.027,,,,0.007,7,,E,0.6,9.9,70.2
13101010,2020/12/13,22,0,0,0.011,0.011,,0.028,,,,0.006,6,,CALM,0.2,9.9,69.9
13101010,2020/12/13,23,0,0,0.010,0.010,,0.030,,,,0.005,6,,CALM,0.2,9.9,70.1
13101010,2020/12/13,24,0,0,0.012,0.012,,0.026,,,,0.006,6,,CALM,0.1,9.9,70.9
13101010,2020/12/14,01,0.001,0.001,0.022,0.023,,0.017,,,,0.003,7,,NNW,0.6,9.8,72.5
13101010,2020/12/14,02,0,0.001,0.025,0.026,,0.012,,,,0.005,9,,NNW,0.4,9.5,74.0
13101010,2020/12/14,03,0,0.001,0.022,0.023,,0.018,,,,0.010,4,,CALM,0.2,11.0,57.7
13101010,2020/12/14,04,0,0,0.010,0.010,,0.033,,,,0.012,7,,NNW,0.3,11.1,52.4
13101010,2020/12/14,05,0,0.001,0.013,0.014,,0.028,,,,0.006,10,,NNW,1.3,8.2,63.6
13101010,2020/12/14,06,0,0.002,0.024,0.026,,0.007,,,,0.001,9,,NNW,0.3,8.2,71.0
13101010,2020/12/14,07,0,0.005,0.030,0.035,,0.002,,,,0.009,10,,CALM,0.2,8.3,69.4
13101010,2020/12/14,08,0.001,0.016,0.032,0.048,,0.004,,,,0.011,12,,N,1.3,8.2,70.2
13101010,2020/12/14,09,0.001,0.019,0.030,0.049,,0.008,,,,0.011,9,,NW,0.9,9.9,58.3
13101010,2020/12/14,10,0,0.007,0.019,0.026,,0.022,,,,0.004,2,,NNW,1.5,10.5,47.0
13101010,2020/12/14,11,0,0.005,0.015,0.020,,0.027,,,,0,6,,NNW,1.4,11.1,44.7
13101010,2020/12/14,12,,,,,,,,,,,5,,N,1.7,11.0,44.3
13101010,2020/12/14,13,0.001,0.003,0.012,0.015,,0.028,,,,0.009,6,,NNW,2.0,11.6,44.0
13101010,2020/12/14,14,0,0.004,0.016,0.020,,0.025,,,,0.003,7,,NNE,1.0,11.2,42.1
13101010,2020/12/14,15,0,0.004,0.018,0.022,,0.022,,,,0.006,6,,NNE,0.4,10.8,47.4
13101010,2020/12/14,16,0,0.003,0.016,0.019,,0.024,,,,0.006,6,,NNW,0.7,9.3,55.9
13101010,2020/12/14,17,0,0.002,0.017,0.019,,0.021,,,,0.003,7,,ENE,0.6,9.2,59.2
13101010,2020/12/14,18,0,0.001,0.013,0.014,,0.024,,,,0,4,,N,0.4,8.4,58.9
13101010,2020/12/14,19,0,0.001,0.012,0.013,,0.023,,,,0.011,6,,E,0.7,8.3,60.6
13101010,2020/12/14,20,0,0.001,0.012,0.013,,0.023,,,,0.013,8,,ENE,0.3,8.3,58.9
13101010,2020/12/14,21,0,0.001,0.013,0.014,,0.023,,,,0.008,7,,ENE,0.3,8.2,57.0
13101010,2020/12/14,22,0,0.001,0.011,0.012,,0.024,,,,0.005,4,,N,0.5,7.4,60.4
13101010,2020/12/14,23,0,0,0.010,0.010,,0.024,,,,0,5,,NE,0.6,7.6,60.1
13101010,2020/12/14,24,0,0,0.009,0.009,,0.023,,,,0,-1,,NNW,1.1,6.9,39.7
13101010,2020/12/15,01,0,0,0.007,0.007,,0.025,,,,0.001,2,,WNW,0.8,6.5,42.6
13101010,2020/12/15,02,0,0,0.008,0.008,,0.024,,,,0,1,,NW,0.7,6.2,42.8
13101010,2020/12/15,03,0,0,0.009,0.009,,0.023,,,,0,3,,NW,0.6,5.7,44.0
13101010,2020/12/15,04,0,0,0.009,0.009,,0.023,,,,0,1,,NW,0.7,5.7,45.8
13101010,2020/12/15,05,0,0,0.010,0.010,,0.020,,,,0,4,,NNE,0.3,5.2,47.6
13101010,2020/12/15,06,0,0,0.012,0.012,,0.018,,,,0.001,6,,W,0.8,4.8,49.9
13101010,2020/12/15,07,0,0.001,0.018,0.019,,0.012,,,,0,2,,WNW,0.9,4.9,50.9
13101010,2020/12/15,08,0,0.009,0.026,0.035,,0.006,,,,0.007,4,,WNW,0.9,4.7,50.9
13101010,2020/12/15,09,0,0.013,0.023,0.036,,0.011,,,,0.007,5,,NW,0.9,5.6,50.6
13101010,2020/12/15,10,0,0.017,0.024,0.041,,0.012,,,,0.004,6,,W,1.4,6.5,46.9
13101010,2020/12/15,11,0,0.012,0.020,0.032,,0.016,,,,0.003,6,,W,0.9,7.8,44.1
13101010,2020/12/15,12,0.001,0.012,0.022,0.034,,0.017,,,,0.010,6,,WNW,0.9,8.8,38.6
13101010,2020/12/15,13,0,0.008,0.017,0.025,,0.023,,,,0,7,,NW,0.7,9.3,32.2
13101010,2020/12/15,14,0,0.005,0.015,0.020,,0.026,,,,0.011,5,,NW,0.8,10.2,31.8
13101010,2020/12/15,15,0,0.003,0.014,0.017,,0.027,,,,0.001,3,,NNW,1.2,10.1,29.6
13101010,2020/12/15,16,0,0.002,0.011,0.013,,0.028,,,,0.013,3,,N,1.1,9.5,30.5
13101010,2020/12/15,17,0,0.002,0.013,0.015,,0.026,,,,0.007,2,,NNW,1.5,8.9,29.5
13101010,2020/12/15,18,0,0.002,0.012,0.014,,0.025,,,,0.007,5,,NNW,1.6,7.9,31.7
13101010,2020/12/15,19,0,0.001,0.010,0.011,,0.026,,,,0.005,2,,NW,2.0,7.2,33.1
13101010,2020/12/15,20,0,0.001,0.010,0.011,,0.025,,,,0.005,7,,WNW,1.5,6.6,38.4
13101010,2020/12/15,21,0,0.001,0.011,0.012,,0.024,,,,0.003,7,,WNW,0.9,6.3,41.1
13101010,2020/12/15,22,0,0.001,0.011,0.012,,0.023,,,,0,6,,N,0.5,6.0,40.7
13101010,2020/12/15,23,0,0.001,0.010,0.011,,0.024,,,,0.003,1,,NNW,1.2,5.7,42.2
13101010,2020/12/15,24,0,0,0.010,0.010,,0.024,,,,0.005,1,,NNW,0.8,5.4,42.4
13101010,2020/12/16,01,0,0,0.009,0.009,,0.024,,,,0.002,2,,NNW,1.0,4.8,44.1
13101010,2020/12/16,02,0,0.001,0.011,0.012,,0.021,,,,0,0,,WNW,1.0,4.9,42.7
13101010,2020/12/16,03,0,0,0.013,0.013,,0.020,,,,0.008,3,,NNW,0.3,4.8,43.6
13101010,2020/12/16,04,0,0,0.015,0.015,,0.018,,,,0,3,,NNE,0.4,4.7,41.9
13101010,2020/12/16,05,0.001,0.001,0.016,0.017,,0.017,,,,0.002,2,,SW,0.7,5.1,38.4
13101010,2020/12/16,06,0,0.001,0.022,0.023,,0.013,,,,0,3,,W,0.3,5.3,32.0
13101010,2020/12/16,07,0,0.003,0.025,0.028,,0.011,,,,0,4,,CALM,0.1,5.2,39.6
13101010,2020/12/16,08,0.001,0.027,0.036,0.063,,0.003,,,,0.010,8,,CALM,0.1,5.2,42.5
13101010,2020/12/16,09,0.001,0.033,0.038,0.071,,0.004,,,,0.008,7,,CALM,0.2,5.7,32.2
13101010,2020/12/16,10,0.001,0.018,0.030,0.048,,0.012,,,,0.008,6,,CALM,0.2,6.9,30.4
13101010,2020/12/16,11,0.001,0.012,0.024,0.036,,0.017,,,,0.002,6,,NE,0.4,8.1,28.6
13101010,2020/12/16,12,0.001,0.008,0.019,0.027,,0.023,,,,0.004,5,,W,0.8,8.3,26.0
13101010,2020/12/16,13,0,0.006,0.020,0.026,,0.021,,,,0.001,7,,NNE,0.5,8.2,25.5
13101010,2020/12/16,14,0,0.004,0.020,0.024,,0.022,,,,0.003,7,,ENE,0.3,8.9,25.8
13101010,2020/12/16,15,0,0.003,0.016,0.019,,0.025,,,,0.001,5,,ENE,0.4,8.8,27.5
13101010,2020/12/16,16,0,0.002,0.012,0.014,,0.028,,,,0,7,,NNE,0.5,8.3,29.1
13101010,2020/12/16,17,0,0.002,0.013,0.015,,0.026,,,,0,4,,N,0.9,8.1,30.8
13101010,2020/12/16,18,0,0.002,0.013,0.015,,0.023,,,,0.006,6,,N,0.8,6.6,39.6
13101010,2020/12/16,19,0,0.001,0.018,0.019,,0.018,,,,0.006,9,,NNW,0.4,6.0,44.2
13101010,2020/12/16,20,0,0.001,0.017,0.018,,0.018,,,,0,4,,NNW,0.6,5.4,45.7
13101010,2020/12/16,21,0,0.001,0.017,0.018,,0.017,,,,0.010,9,,N,1.1,4.9,48.8
13101010,2020/12/16,22,0,0.001,0.019,0.020,,0.016,,,,0,8,,NNE,0.6,4.5,49.8
13101010,2020/12/16,23,0,0,0.014,0.014,,0.019,,,,0.008,5,,N,0.5,4.1,49.4
13101010,2020/12/16,24,0,0.001,0.014,0.015,,0.019,,,,0.002,6,,NNE,0.8,3.6,51.1
13101010,2020/12/17,01,0.001,0,0.010,0.010,,,,,,0.005,5,,N,1.2,3.4,52.6
13101010,2020/12/17,02,0.001,0,0.012,0.012,,0.019,,,,0.005,4,,N,0.8,2.8,54.8
13101010,2020/12/17,03,0,0,0.012,0.012,,0.019,,,,0.008,3,,NW,0.5,2.7,54.6
13101010,2020/12/17,04,0,0,0.012,0.012,,0.020,,,,0.002,4,,NW,0.9,2.1,55.5
13101010,2020/12/17,05,0.001,0,0.012,0.012,,0.018,,,,0.006,7,,NNE,0.4,2.7,57.1
13101010,2020/12/17,06,0.001,0.001,0.016,0.017,,0.015,,,,0.002,8,,N,0.4,2.6,55.9
13101010,2020/12/17,07,0.001,0.002,0.022,0.024,,0.012,,,,0.012,5,,NW,0.5,2.9,52.4
13101010,2020/12/17,08,0.001,0.007,0.025,0.032,,0.010,,,,0.006,5,,NW,0.6,3.2,52.8
13101010,2020/12/17,09,0.001,0.013,0.024,0.037,,0.013,,,,0.005,2,,NNW,0.9,4.5,45.7
13101010,2020/12/17,10,0.001,0.015,0.024,0.039,,0.016,,,,0.009,3,,NW,1.1,5.0,37.5
13101010,2020/12/17,11,0,0.008,0.016,0.024,,0.022,,,,0.002,1,,NW,0.9,6.5,30.0
13101010,2020/12/17,12,0,0.006,0.014,0.020,,0.025,,,,0,2,,NW,2.2,7.7,22.4
13101010,2020/12/17,13,0,0.002,0.007,0.009,,0.031,,,,0,0,,NW,1.7,8.2,18.0
13101010,2020/12/17,14,0.001,0.004,0.010,0.014,,0.029,,,,0.010,1,,WNW,2.0,8.1,18.2
13101010,2020/12/17,15,0.001,0.004,0.009,0.013,,0.029,,,,0,2,,NW,1.2,8.6,15.1
13101010,2020/12/17,16,0.001,0.003,0.012,0.015,,0.028,,,,0.006,3,,NW,2.0,8.3,16.5
13101010,2020/12/17,17,0.001,0.003,0.013,0.016,,0.026,,,,0.006,4,,WNW,1.2,7.8,21.0
13101010,2020/12/17,18,0.001,0.002,0.016,0.018,,0.022,,,,0.002,5,,N,0.8,7.0,30.6
13101010,2020/12/17,19,0.002,0.002,0.018,0.020,,0.019,,,,0.003,5,,N,0.9,6.6,27.1
13101010,2020/12/17,20,0.001,0.001,0.014,0.015,,0.023,,,,0.002,6,,N,0.8,6.2,29.8
13101010,2020/12/17,21,0.001,0.001,0.015,0.016,,0.022,,,,0.001,7,,N,0.6,5.9,32.4
13101010,2020/12/17,22,0.001,0.001,0.018,0.019,,0.019,,,,0.001,6,,NW,0.5,5.5,35.0
13101010,2020/12/17,23,0.001,0.001,0.020,0.021,,0.016,,,,0.002,6,,WSW,0.3,5.3,35.4
13101010,2020/12/17,24,0.001,0.001,0.021,0.022,,0.014,,,,0,4,,CALM,0.2,5.5,35.6
13101010,2020/12/18,01,0.001,0.002,0.026,0.028,,0.009,,,,0.006,6,,CALM,0.2,5.5,35.5
13101010,2020/12/18,02,0.001,0.003,0.030,0.033,,0.006,,,,0.010,6,,CALM,0.2,5.7,36.4
13101010,2020/12/18,03,0.001,0.003,0.032,0.035,,0.004,,,,0.011,5,,WSW,0.6,5.7,36.8
13101010,2020/12/18,04,0.001,0.003,0.030,0.033,,0.005,,,,0.001,7,,CALM,0.2,5.5,37.8
13101010,2020/12/18,05,0.001,0.017,0.037,0.054,,0,,,,0.009,12,,NW,0.7,5.5,42.3
13101010,2020/12/18,06,0.001,0.036,0.038,0.074,,0,,,,0.015,8,,WNW,0.5,5.2,44.7
13101010,2020/12/18,07,0.002,0.043,0.037,0.080,,0,,,,0,9,,CALM,0.1,5.0,44.4
13101010,2020/12/18,08,0.002,0.042,0.036,0.078,,0.002,,,,0.004,7,,CALM,0.2,5.4,39.8
13101010,2020/12/18,09,0.002,0.052,0.039,0.091,,0.003,,,,0.008,11,,NNW,0.4,6.0,44.3
13101010,2020/12/18,10,0.002,0.072,0.046,0.118,,0.003,,,,0.013,20,,N,0.3,6.6,40.3
13101010,2020/12/18,11,0.002,0.061,0.048,0.109,,0.004,,,,0.017,22,,ENE,0.3,8.4,37.6
13101010,2020/12/18,12,0.002,0.069,0.053,0.122,,0.004,,,,0.025,24,,NNE,0.3,9.8,39.9
13101010,2020/12/18,13,0.004,0.050,0.054,0.104,,0.005,,,,0.027,30,,E,0.6,9.9,48.6
13101010,2020/12/18,14,0.004,0.034,0.051,0.085,,0.007,,,,0.027,26,,CALM,0.2,10.7,48.3
13101010,2020/12/18,15,0.003,0.022,0.044,0.066,,0.008,,,,0.014,21,,NE,0.5,10.9,47.8
13101010,2020/12/18,16,0.003,0.019,0.045,0.064,,0.005,,,,0.022,20,,CALM,0.1,10.8,50.3
13101010,2020/12/18,17,0.003,0.035,0.053,0.088,,0.001,,,,0.021,23,,CALM,0.1,10.7,55.9
13101010,2020/12/18,18,0.003,0.015,0.046,0.061,,0.002,,,,0.012,16,,CALM,0.2,10.5,57.3
13101010,2020/12/18,19,0.002,0.002,0.032,0.034,,0.010,,,,0.016,16,,E,0.4,10.8,56.4
13101010,2020/12/18,20,0.002,0.003,0.035,0.038,,0.008,,,,0.013,12,,WNW,0.4,10.5,45.3
13101010,2020/12/18,21,0.001,0.001,0.022,0.023,,0.018,,,,0.016,28,,CALM,0.2,9.9,49.2
13101010,2020/12/18,22,0.001,0.001,0.025,0.026,,0.014,,,,0.017,14,,WNW,0.5,9.0,46.2
13101010,2020/12/18,23,0.001,0.002,0.032,0.034,,0.008,,,,0.009,11,,SW,0.6,8.4,49.7
13101010,2020/12/18,24,0.001,0.007,0.040,0.047,,0.001,,,,0.008,12,,CALM,0.2,7.4,51.5
13101010,2020/12/19,01,,,,,,0.001,,,,0.008,15,,W,0.8,7.0,46.5
13101010,2020/12/19,02,0.002,0.009,0.037,0.046,,0.001,,,,0.018,17,,WSW,0.4,7.0,47.9
13101010,2020/12/19,03,0.001,0.005,0.034,0.039,,0.002,,,,0.016,14,,CALM,0.2,7.5,45.6
13101010,2020/12/19,04,0.001,0.002,0.024,0.026,,0.011,,,,0.010,10,,NW,1.3,7.0,52.5
13101010,2020/12/19,05,0.001,0.001,0.013,0.014,,0.021,,,,0.005,5,,NW,1.7,6.4,56.6
13101010,2020/12/19,06,0,0,0.007,0.007,,0.028,,,,0,0,,NW,1.2,6.5,53.5
13101010,2020/12/19,07,0,0,0.011,0.011,,0.025,,,,0,1,,WNW,0.6,6.5,51.2
13101010,2020/12/19,08,0,0.001,0.011,0.012,,0.026,,,,0.005,1,,N,0.9,6.6,47.2
13101010,2020/12/19,09,0,0.004,0.014,0.018,,0.025,,,,0.003,4,,NNW,1.3,6.8,45.9
13101010,2020/12/19,10,0,0.005,0.013,0.018,,0.025,,,,0.002,3,,N,1.6,7.3,44.0
13101010,2020/12/19,11,0,0.005,0.011,0.016,,0.027,,,,0,1,,N,1.3,8.3,39.1
13101010,2020/12/19,12,0,0.003,0.010,0.013,,0.028,,,,0,2,,NNE,1.4,8.5,39.1
13101010,2020/12/19,13,0,0.002,0.007,0.009,,0.031,,,,0.003,2,,N,1.2,8.7,37.3
13101010,2020/12/19,14,0,0.002,0.010,0.012,,0.029,,,,0.006,3,,W,0.5,9.2,36.9
13101010,2020/12/19,15,0.001,0.001,0.013,0.014,,0.026,,,,0,5,,CALM,0.2,9.6,37.2
13101010,2020/12/19,16,0,0.001,0.011,0.012,,0.029,,,,0.003,2,,N,2.0,9.0,29.9
13101010,2020/12/19,17,0,0.001,0.008,0.009,,0.029,,,,0,3,,NW,1.2,8.3,32.5
13101010,2020/12/19,18,0,0.001,0.009,0.010,,0.027,,,,0,2,,NNW,1.2,7.2,36.3
13101010,2020/12/19,19,0,0.001,0.008,0.009,,0.028,,,,0.002,3,,N,1.4,6.1,37.4
13101010,2020/12/19,20,0,0.001,0.008,0.009,,0.027,,,,0.005,5,,N,1.1,5.5,38.9
13101010,2020/12/19,21,0,0,0.009,0.009,,0.026,,,,0.001,3,,NNE,1.0,4.9,40.8
13101010,2020/12/19,22,0,0,0.009,0.009,,0.026,,,,0.006,4,,N,0.6,4.6,42.6
13101010,2020/12/19,23,0,0,0.010,0.010,,0.024,,,,0,3,,CALM,0.2,4.7,44.8
13101010,2020/12/19,24,0,0.001,0.010,0.011,,0.024,,,,0,2,,WNW,1.0,4.2,48.2
13101010,2020/12/20,01,0.001,0,0.010,0.010,,0.024,,,,0,3,,NNW,0.6,4.6,48.8
13101010,2020/12/20,02,0,0,0.012,0.012,,0.020,,,,0,3,,CALM,0.2,4.6,50.9
13101010,2020/12/20,03,0,0.001,0.017,0.018,,0.015,,,,0.008,5,,WSW,0.5,3.8,53.8
13101010,2020/12/20,04,0,0.001,0.019,0.020,,0.013,,,,0,5,,WNW,0.5,4.6,48.9
13101010,2020/12/20,05,0,0,0.011,0.011,,0.022,,,,0.001,2,,W,0.5,5.0,42.0
13101010,2020/12/20,06,0,0,0.010,0.010,,0.021,,,,0,6,,NW,1.1,3.2,51.9
13101010,2020/12/20,07,0,0.001,0.015,0.016,,0.016,,,,0.001,5,,WNW,0.8,3.3,51.1
13101010,2020/12/20,08,0,0.001,0.012,0.013,,0.023,,,,0,1,,NNE,0.6,3.7,52.6
13101010,2020/12/20,09,0,0.002,0.008,0.010,,0.027,,,,0.004,1,,WNW,1.0,4.6,47.7
13101010,2020/12/20,10,0.001,0.002,0.006,0.008,,0.031,,,,0,-1,,N,1.4,6.2,34.7
13101010,2020/12/20,11,0,0.001,0.004,0.005,,0.034,,,,0.001,1,,NNW,1.0,6.8,32.7
13101010,2020/12/20,12,0.001,0.001,0.004,0.005,,0.035,,,,0.004,4,,NNW,1.6,7.4,34.4
13101010,2020/12/20,13,0,0.001,0.004,0.005,,0.036,,,,0.002,5,,NW,1.3,7.7,29.4
13101010,2020/12/20,14,0,0.001,0.004,0.005,,0.037,,,,0.003,2,,NW,1.8,8.2,29.0
13101010,2020/12/20,15,0,0.001,0.004,0.005,,0.037,,,,0.002,3,,N,1.3,8.2,27.7
13101010,2020/12/20,16,0,0.001,0.004,0.005,,0.036,,,,0.004,0,,NNE,1.0,7.3,31.1
13101010,2020/12/20,17,0,0,0.005,0.005,,0.034,,,,0.002,4,,ENE,0.4,6.6,34.6
13101010,2020/12/20,18,0,0,0.006,0.006,,0.033,,,,0,2,,N,0.7,6.0,36.6
13101010,2020/12/20,19,0,0,0.006,0.006,,0.033,,,,0.004,2,,N,0.9,5.3,37.9
13101010,2020/12/20,20,0,0,0.008,0.008,,0.031,,,,0,2,,NW,1.0,5.2,36.2
13101010,2020/12/20,21,0,0,0.008,0.008,,0.031,,,,0.002,3,,NW,0.9,4.8,36.2
13101010,2020/12/20,22,0.001,0,0.009,0.009,,0.030,,,,0,4,,NNW,0.4,4.7,37.3
13101010,2020/12/20,23,,,,,,,,,,,,,,,,
13101010,2020/12/20,24,0,0,0.008,0.008,,0.030,,,,0,3,,WNW,1.1,4.1,37.9
13101010,2020/12/21,01,0,0,0.009,0.009,,0.029,,,,0,2,,WNW,1.5,4.1,37.0
13101010,2020/12/21,02,0,0,0.007,0.007,,0.031,,,,0,2,,WNW,0.7,4.5,35.2
13101010,2020/12/21,03,0,0,0.008,0.008,,0.030,,,,0.001,3,,WSW,0.4,4.5,35.4
13101010,2020/12/21,04,0.001,0,0.010,0.010,,0.029,,,,0.001,2,,W,0.3,4.8,33.3
13101010,2020/12/21,05,0.001,0,0.012,0.012,,0.027,,,,0,3,,NNW,0.7,5.4,30.9
13101010,2020/12/21,06,0.001,0,0.017,0.017,,0.020,,,,0,6,,N,0.8,3.1,40.9
13101010,2020/12/21,07,0.001,0.001,0.019,0.020,,0.017,,,,0.006,5,,WNW,0.5,3.4,40.5
13101010,2020/12/21,08,0.001,0.010,0.031,0.041,,0.009,,,,0.004,3,,CALM,0.2,3.9,41.4
13101010,2020/12/21,09,0.001,0.021,0.033,0.054,,0.009,,,,0.003,3,,WSW,0.3,5.2,35.2
13101010,2020/12/21,10,0.001,0.029,0.035,0.064,,0.010,,,,0.008,8,,NNW,0.5,7.0,32.5
13101010,2020/12/21,11,0.001,0.020,0.031,0.051,,0.016,,,,0.003,6,,N,0.6,8.3,28.7
13101010,2020/12/21,12,0.001,0.009,0.019,0.028,,0.026,,,,0.005,6,,WNW,0.9,8.6,28.6
13101010,2020/12/21,13,0.001,0.005,0.016,0.021,,0.029,,,,0.003,8,,NNE,0.4,9.3,28.2
13101010,2020/12/21,14,,,,,,0.027,,,,0,6,,NE,0.5,9.9,25.7
13101010,2020/12/21,15,,,,,,,,,,,,,E,0.3,10.1,26.1
13101010,2020/12/21,16,0.001,0.002,0.017,0.019,,0.022,,,,0.002,5,,CALM,0.1,10.3,26.9
13101010,2020/12/21,17,0.001,0.001,0.019,0.020,,0.022,,,,0.009,6,,CALM,0.1,10.2,28.3
13101010,2020/12/21,18,0,0.005,0.033,0.038,,0.011,,,,0.010,11,,CALM,0.1,9.6,32.6
13101010,2020/12/21,19,0,0.005,0.039,0.044,,0.007,,,,0.014,10,,NNE,0.3,9.5,33.7
13101010,2020/12/21,20,0,0.004,0.039,0.043,,0.007,,,,0.010,13,,CALM,0.2,8.3,37.5
13101010,2020/12/21,21,0,0.001,0.026,0.027,,0.015,,,,0.006,8,,NNE,0.3,8.3,38.9
13101010,2020/12/21,22,0,0.001,0.029,0.030,,0.013,,,,0.010,11,,NW,0.5,7.7,40.7
13101010,2020/12/21,23,0,0.004,0.041,0.045,,0.004,,,,0.009,10,,N,0.5,6.9,45.0
13101010,2020/12/21,24,0,0.008,0.044,0.052,,0.001,,,,0.011,12,,NNE,0.5,6.4,47.9
13101010,2020/12/22,01,0,0.006,0.038,0.044,,0.004,,,,0.011,10,,NNW,0.7,5.7,49.7
13101010,2020/12/22,02,0,0.001,0.032,0.033,,0.008,,,,0.003,9,,WNW,0.8,5.5,50.2
13101010,2020/12/22,03,0,0.001,0.025,0.026,,0.011,,,,0.008,11,,N,0.8,5.0,51.7
13101010,2020/12/22,04,0,0.001,0.026,0.027,,0.009,,,,0.010,15,,NNW,0.7,4.1,53.3
13101010,2020/12/22,05,0,0.001,0.027,0.028,,0.006,,,,0.009,14,,N,0.5,4.0,54.8
13101010,2020/12/22,06,0,0.010,0.035,0.045,,0,,,,0.008,15,,NNW,0.4,3.1,59.9
13101010,2020/12/22,07,0,0.020,0.034,0.054,,0.001,,,,0.014,12,,WNW,0.9,3.1,55.1
13101010,2020/12/22,08,0,0.015,0.030,0.045,,0.003,,,,0.003,10,,NNE,0.4,3.6,56.1
13101010,2020/12/22,09,0,0.019,0.027,0.046,,0.008,,,,0.010,8,,W,0.4,4.6,49.5
13101010,2020/12/22,10,0,0.016,0.028,0.044,,0.010,,,,0.008,9,,WNW,0.6,6.0,45.8
13101010,2020/12/22,11,0,0.027,0.034,0.061,,0.009,,,,0.005,15,,NE,0.5,7.8,44.1
13101010,2020/12/22,12,0,0.019,0.032,0.051,,0.014,,,,0.011,10,,ENE,0.3,8.7,37.4
13101010,2020/12/22,13,0,0.018,0.038,0.056,,0.012,,,,0.022,17,,NW,0.5,9.5,38.7
13101010,2020/12/22,14,0.001,0.030,0.046,0.076,,0.007,,,,0.017,21,,E,0.6,10.7,42.5
13101010,2020/12/22,15,0.001,0.025,0.047,0.072,,0.008,,,,0.015,21,,ENE,0.4,10.5,46.7
13101010,2020/12/22,16,0.002,0.010,0.048,0.058,,0.011,,,,0.021,21,,CALM,0.2,10.1,48.9
13101010,2020/12/22,17,0.002,0.008,0.050,0.058,,0.005,,,,0.020,19,,E,0.5,10.2,54.1
13101010,2020/12/22,18,0.002,0.011,0.052,0.063,,0.002,,,,0.013,20,,E,0.5,9.9,56.0
13101010,2020/12/22,19,0.002,0.024,0.054,0.078,,0.001,,,,0.033,38,,CALM,0,9.8,58.5
13101010,2020/12/22,20,0.002,0.035,0.056,0.091,,0.001,,,,0.030,29,,CALM,0.1,9.5,61.4
13101010,2020/12/22,21,0.002,0.045,0.057,0.102,,0.001,,,,0.036,34,,CALM,0,9.5,62.7
13101010,2020/12/22,22,0.002,0.047,0.059,0.106,,0.001,,,,0.032,33,,WSW,0.3,8.4,63.5
13101010,2020/12/22,23,0.002,0.071,0.062,0.133,,0.001,,,,0.025,31,,WNW,0.5,7.8,64.0
13101010,2020/12/22,24,0.002,0.058,0.054,0.112,,0,,,,0.024,25,,WNW,1.0,6.6,61.7
13101010,2020/12/23,01,0.001,0.028,0.046,0.074,,,,,,0.023,24,,NNW,0.5,5.7,56.0
13101010,2020/12/23,02,0.001,0.005,0.039,0.044,,0.002,,,,0.021,24,,NNE,0.6,5.6,55.3
13101010,2020/12/23,03,0,0.003,0.033,0.036,,0.004,,,,0.015,18,,WNW,0.7,5.2,53.3
13101010,2020/12/23,04,0,0.001,0.022,0.023,,0.012,,,,0.006,9,,CALM,0.1,5.7,51.0
13101010,2020/12/23,05,0,0.001,0.021,0.022,,0.012,,,,0.009,11,,N,0.6,5.1,52.2
13101010,2020/12/23,06,0,0.001,0.024,0.025,,0.009,,,,0.006,12,,NNW,0.3,4.9,53.8
13101010,2020/12/23,07,0,0.004,0.030,0.034,,0.005,,,,0.006,12,,CALM,0.2,5.3,52.7
13101010,2020/12/23,08,0,0.020,0.035,0.055,,0.003,,,,0.008,13,,WNW,0.5,5.4,51.7
13101010,2020/12/23,09,0.001,0.035,0.036,0.071,,0.006,,,,0.015,15,,WNW,0.8,6.9,48.9
13101010,2020/12/23,10,0.001,0.037,0.038,0.075,,0.008,,,,0.015,17,,NNW,0.6,8.4,46.4
13101010,2020/12/23,11,0.001,0.028,0.039,0.067,,0.012,,,,0.016,15,,NNW,0.7,10.1,43.1
13101010,2020/12/23,12,0,0.017,0.033,0.050,,0.019,,,,0.014,13,,W,0.7,11.1,40.4
13101010,2020/12/23,13,0,0.009,0.025,0.034,,0.026,,,,0.013,9,,WNW,0.4,11.9,37.9
13101010,2020/12/23,14,0,0.006,0.023,0.029,,0.028,,,,0.011,9,,ENE,0.3,13.0,35.0
13101010,2020/12/23,15,0,0.005,0.028,0.033,,0.024,,,,0.013,11,,W,0.3,12.8,42.4
13101010,2020/12/23,16,0.001,0.028,0.054,0.082,,0.003,,,,0.015,18,,CALM,0.1,12.2,43.8
13101010,2020/12/23,17,0.001,0.017,0.056,0.073,,0.002,,,,0.018,15,,ESE,0.8,11.7,43.1
13101010,2020/12/23,18,0.002,0.020,0.060,0.080,,0.001,,,,0.021,20,,E,0.4,11.6,46.1
13101010,2020/12/23,19,0.001,0.036,0.062,0.098,,0.001,,,,0.025,25,,CALM,0,11.1,47.2
13101010,2020/12/23,20,0.001,0.035,0.062,0.097,,0.001,,,,0.027,29,,CALM,0.2,11.4,50.9
13101010,2020/12/23,21,0.002,0.035,0.061,0.096,,0.001,,,,0.033,29,,CALM,0.1,11.5,53.2
13101010,2020/12/23,22,0.002,0.007,0.051,0.058,,0.003,,,,0.018,22,,CALM,0.2,11.6,57.5
13101010,2020/12/23,23,0.002,0.002,0.042,0.044,,0.009,,,,0.016,13,,CALM,0.1,11.7,56.4
13101010,2020/12/23,24,0.002,0.010,0.047,0.057,,0.005,,,,0.017,16,,CALM,0.1,10.8,60.0
13101010,2020/12/24,01,0.002,0.031,0.059,0.090,,0.001,,,,0.025,21,,NW,0.5,9.5,54.6
13101010,2020/12/24,02,0.001,0.015,0.049,0.064,,0,,,,0.012,16,,CALM,0.2,8.4,54.6
13101010,2020/12/24,03,0.001,0.016,0.045,0.061,,0,,,,0.012,19,,WNW,0.6,7.9,55.6
13101010,2020/12/24,04,0.001,0.023,0.042,0.065,,0,,,,0.013,17,,WSW,0.5,7.3,56.3
13101010,2020/12/24,05,0.001,0.018,0.041,0.059,,0,,,,0.020,18,,CALM,0.2,6.9,56.6
13101010,2020/12/24,06,0.001,0.007,0.039,0.046,,0.001,,,,0.019,16,,WNW,0.4,6.8,55.7
13101010,2020/12/24,07,0.001,0.008,0.038,0.046,,0.001,,,,0.013,15,,CALM,0.2,6.6,54.6
13101010,2020/12/24,08,0.001,0.017,0.038,0.055,,0.003,,,,0.010,13,,WNW,0.7,7.2,53.5
13101010,2020/12/24,09,0.001,0.030,0.039,0.069,,0.004,,,,0.022,17,,N,0.3,8.0,54.1
13101010,2020/12/24,10,0.001,0.041,0.041,0.082,,0.005,,,,0.029,21,,NNE,0.5,8.4,52.4
13101010,2020/12/24,11,0.001,0.043,0.044,0.087,,0.006,,,,0.018,20,,NNE,0.4,9.4,49.5
13101010,2020/12/24,12,0.001,0.033,0.043,0.076,,0.005,,,,0.019,23,,CALM,0.1,9.6,50.5
13101010,2020/12/24,13,0,0.021,0.044,0.065,,0.008,,,,0.016,19,,CALM,0.2,10.5,46.0
13101010,2020/12/24,14,0.001,0.045,0.054,0.099,,0.003,,,,0.030,31,,E,0.3,10.5,47.0
13101010,2020/12/24,15,0.001,0.056,0.057,0.113,,0.001,,,,0.037,30,,CALM,0.1,10.8,47.9
13101010,2020/12/24,16,0.002,0.065,0.060,0.125,,0.001,,,,0.036,33,,CALM,0.1,11.2,47.5
13101010,2020/12/24,17,0.002,0.088,0.062,0.150,,0,,,,0.037,34,,NNW,0.6,12.2,44.8
13101010,2020/12/24,18,0.001,0.057,0.056,0.113,,0.002,,,,0.023,21,,CALM,0.2,13.7,36.0
13101010,2020/12/24,19,0.001,0.002,0.028,0.030,,0.019,,,,0.017,13,,W,0.3,13.3,35.2
13101010,2020/12/24,20,0.001,0.026,0.039,0.065,,0.012,,,,0.017,20,,NNW,0.7,11.3,44.3
13101010,2020/12/24,21,0.002,0.078,0.061,0.139,,0.001,,,,0.036,39,,CALM,0.2,11.2,46.0
13101010,2020/12/24,22,0.002,0.074,0.060,0.134,,0,,,,0.044,46,,CALM,0.2,12.2,47.4
13101010,2020/12/24,23,0.001,0.031,0.052,0.083,,0.002,,,,0.016,24,,NW,0.8,10.3,50.0
13101010,2020/12/24,24,0.001,0.070,0.057,0.127,,0,,,,0.047,39,,W,0.5,9.9,52.1
13101010,2020/12/25,01,,,,,,0,,,,0.046,43,,CALM,0.2,9.6,49.6
13101010,2020/12/25,02,0.003,0.028,0.048,0.076,,0,,,,0.050,44,,CALM,0.2,8.9,54.4
13101010,2020/12/25,03,0.002,0.015,0.045,0.060,,0.001,,,,0.044,39,,CALM,0.2,9.2,52.7
13101010,2020/12/25,04,0.001,0.006,0.040,0.046,,0.003,,,,0.028,32,,N,1.0,8.2,52.2
13101010,2020/12/25,05,0.001,0.013,0.042,0.055,,0.001,,,,0.042,34,,W,0.3,8.3,53.9
13101010,2020/12/25,06,0.001,0.011,0.040,0.051,,0.001,,,,0.027,25,,WNW,0.5,8.9,50.7
13101010,2020/12/25,07,0.001,0.007,0.038,0.045,,0.003,,,,0.017,15,,WNW,0.9,8.3,52.6
13101010,2020/12/25,08,0.001,0.011,0.035,0.046,,0.006,,,,0.006,10,,NW,0.8,7.9,54.9
13101010,2020/12/25,09,0.001,0.013,0.030,0.043,,0.014,,,,0.014,12,,NNE,1.0,9.5,51.1
13101010,2020/12/25,10,0.001,0.007,0.025,0.032,,0.021,,,,0.003,6,,N,0.9,10.3,47.9
13101010,2020/12/25,11,0.001,0.007,0.025,0.032,,0.022,,,,0.006,10,,NE,0.6,10.8,46.7
13101010,2020/12/25,12,0,0.006,0.021,0.027,,0.027,,,,0.001,9,,E,0.6,11.5,44.4
13101010,2020/12/25,13,0.001,0.005,0.020,0.025,,0.029,,,,0.001,9,,NE,0.6,12.0,37.3
13101010,2020/12/25,14,0,0.002,0.012,0.014,,0.037,,,,0.006,3,,W,1.0,12.3,37.0
13101010,2020/12/25,15,0,0.002,0.011,0.013,,0.038,,,,0.001,2,,NNW,0.9,12.3,37.1
13101010,2020/12/25,16,0,0.001,0.013,0.014,,0.036,,,,0.004,6,,NNE,0.6,12.5,37.1
13101010,2020/12/25,17,0,0.002,0.013,0.015,,0.034,,,,0,4,,N,0.7,12.0,36.5
13101010,2020/12/25,18,0,0.002,0.015,0.017,,0.031,,,,0.004,3,,NNW,0.6,11.1,35.2
13101010,2020/12/25,19,0,0.001,0.014,0.015,,0.031,,,,0.003,5,,N,0.9,10.5,34.5
13101010,2020/12/25,20,0,0.001,0.014,0.015,,0.031,,,,0.007,5,,NNW,1.1,9.6,34.9
13101010,2020/12/25,21,0,0.001,0.015,0.016,,0.030,,,,0.002,5,,N,0.6,9.2,36.3
13101010,2020/12/25,22,0,0,0.016,0.016,,0.028,,,,0.005,4,,N,1.2,8.8,37.4
13101010,2020/12/25,23,0,0,0.010,0.010,,0.032,,,,0.001,5,,NW,1.0,7.8,42.1
13101010,2020/12/25,24,0,0,0.009,0.009,,0.031,,,,0.005,1,,NW,0.7,6.9,44.6
13101010,2020/12/26,01,0,0,0.011,0.011,,0.028,,,,0,4,,N,1.4,6.0,47.6
13101010,2020/12/26,02,0,0,0.011,0.011,,0.027,,,,0.007,2,,N,0.5,5.9,48.9
13101010,2020/12/26,03,0,0,0.010,0.010,,0.026,,,,0,3,,N,0.5,5.7,48.5
13101010,2020/12/26,04,0,0,0.012,0.012,,0.025,,,,0,3,,NW,0.8,5.6,48.7
13101010,2020/12/26,05,0,0,0.011,0.011,,0.026,,,,0.001,3,,NNW,0.5,5.1,52.0
13101010,2020/12/26,06,0,0,0.013,0.013,,0.023,,,,0,5,,WNW,0.4,5.4,53.3
13101010,2020/12/26,07,0,0.001,0.015,0.016,,0.022,,,,0.001,2,,W,0.6,5.6,51.6
13101010,2020/12/26,08,0,0.003,0.020,0.023,,0.018,,,,0.004,4,,NNE,0.9,5.6,51.9
13101010,2020/12/26,09,0.001,0.010,0.024,0.034,,0.016,,,,0.003,7,,N,0.5,5.7,52.2
13101010,2020/12/26,10,0.001,0.015,0.027,0.042,,0.014,,,,0.005,7,,N,0.3,6.6,49.8
13101010,2020/12/26,11,0.001,0.011,0.022,0.033,,0.020,,,,0.010,5,,NW,0.8,8.7,41.5
13101010,2020/12/26,12,0,0.006,0.017,0.023,,0.025,,,,0,5,,N,0.4,9.4,36.4
13101010,2020/12/26,13,0,0.004,0.015,0.019,,0.028,,,,0.009,4,,NNW,0.3,10.2,33.4
13101010,2020/12/26,14,0,0.004,0.019,0.023,,0.025,,,,0.002,7,,CALM,0.2,10.5,33.3
13101010,2020/12/26,15,0,0.004,0.025,0.029,,0.021,,,,0.009,8,,CALM,0.1,11.2,33.6
13101010,2020/12/26,16,0.001,0.004,0.031,0.035,,0.016,,,,0.003,8,,CALM,0,10.8,37.2
13101010,2020/12/26,17,0.001,0.003,0.040,0.043,,0.009,,,,0.020,15,,CALM,0,10.8,39.6
13101010,2020/12/26,18,0.001,0.004,0.042,0.046,,0.006,,,,0.018,17,,CALM,0,10.5,40.9
13101010,2020/12/26,19,0.001,0.010,0.051,0.061,,0.001,,,,0.024,28,,CALM,0,10.5,42.4
13101010,2020/12/26,20,0.002,0.015,0.051,0.066,,0.001,,,,0.027,22,,CALM,0.1,10.7,42.9
13101010,2020/12/26,21,0.002,0.017,0.052,0.069,,0.001,,,,0.027,21,,CALM,0.1,10.5,44.1
13101010,2020/12/26,22,0.002,0.022,0.053,0.075,,0.001,,,,0.016,22,,WNW,0.5,9.0,46.1
13101010,2020/12/26,23,0.001,0.015,0.048,0.063,,0.001,,,,0.011,18,,CALM,0.2,8.2,47.2
13101010,2020/12/26,24,0.001,0.005,0.036,0.041,,0.004,,,,0.017,14,,W,0.9,7.5,48.9
13101010,2020/12/27,01,0.001,0.001,0.021,0.022,,0.014,,,,0.005,13,,W,0.9,6.8,51.7
13101010,2020/12/27,02,0.001,0.001,0.014,0.015,,0.019,,,,0.012,9,,NNE,0.3,6.8,52.8
13101010,2020/12/27,03,0,0.001,0.017,0.018,,0.016,,,,0.008,9,,N,0.4,6.4,52.7
13101010,2020/12/27,04,0.001,0,0.014,0.014,,0.017,,,,0.011,10,,NNE,0.5,6.0,53.7
13101010,2020/12/27,05,0,0,0.017,0.017,,0.013,,,,0.009,15,,NNW,0.6,5.3,57.6
13101010,2020/12/27,06,0,0.002,0.020,0.022,,0.009,,,,0.003,10,,CALM,0.2,5.5,55.4
13101010,2020/12/27,07,0,0.003,0.017,0.020,,0.012,,,,0.005,7,,N,0.5,5.3,55.7
13101010,2020/12/27,08,0.001,0.003,0.014,0.017,,0.015,,,,0.006,8,,N,0.5,5.7,54.6
13101010,2020/12/27,09,0,0.005,0.013,0.018,,0.019,,,,0.008,9,,NNW,0.6,6.6,53.2
13101010,2020/12/27,10,0.001,0.004,0.013,0.017,,0.021,,,,0.008,8,,NNE,0.5,6.9,50.3
13101010,2020/12/27,11,0.001,0.005,0.015,0.020,,0.021,,,,0.004,13,,NNE,0.8,7.9,48.9
13101010,2020/12/27,12,0.001,0.005,0.014,0.019,,0.026,,,,0.008,9,,NNW,0.3,9.5,43.9
13101010,2020/12/27,13,0,0.003,0.011,0.014,,0.031,,,,0.006,6,,CALM,0.1,10.8,36.8
13101010,2020/12/27,14,0,0.002,0.010,0.012,,0.034,,,,0.004,6,,CALM,0.2,11.6,35.7
13101010,2020/12/27,15,0,0.001,0.011,0.012,,0.036,,,,0.005,8,,CALM,0.2,12.2,36.7
13101010,2020/12/27,16,0.001,0.001,0.014,0.015,,0.034,,,,0.015,11,,E,0.5,12.1,46.2
13101010,2020/12/27,17,0.001,0,0.016,0.016,,0.032,,,,0.002,9,,CALM,0.2,11.9,45.4
13101010,2020/12/27,18,0.002,0.001,0.017,0.018,,0.023,,,,0,15,,CALM,0.2,10.8,66.7
13101010,2020/12/27,19,0.002,0.001,0.015,0.016,,0.024,,,,0.009,10,,E,0.6,10.1,68.3
13101010,2020/12/27,20,0.001,0.001,0.012,0.013,,0.025,,,,0.002,10,,CALM,0.2,9.3,69.4
13101010,2020/12/27,21,0,0.001,0.013,0.014,,0.024,,,,0.011,8,,E,0.3,9.3,68.5
13101010,2020/12/27,22,0,0,0.011,0.011,,0.026,,,,0.012,9,,N,0.3,8.8,69.5
13101010,2020/12/27,23,0,0.001,0.014,0.015,,0.023,,,,0.006,8,,NW,0.9,8.3,72.0
13101010,2020/12/27,24,0,0.001,0.017,0.018,,0.018,,,,0.009,9,,N,0.4,8.0,73.3
13101010,2020/12/28,01,0,0,0.016,0.016,,0.018,,,,0.006,7,,NW,1.1,7.7,73.5
13101010,2020/12/28,02,0,0.001,0.011,0.012,,0.022,,,,0.010,8,,NNE,0.3,7.9,70.7
13101010,2020/12/28,03,0.001,0,0.012,0.012,,0.020,,,,0.008,11,,N,0.6,8.0,70.7
13101010,2020/12/28,04,0.001,0,0.014,0.014,,0.017,,,,0.006,14,,NNW,0.5,7.8,68.6
13101010,2020/12/28,05,0.001,0.001,0.018,0.019,,0.013,,,,0.011,17,,NW,0.8,7.6,65.8
13101010,2020/12/28,06,0.001,0.001,0.017,0.018,,0.015,,,,0.016,15,,WNW,1.0,7.6,64.0
13101010,2020/12/28,07,0,0.001,0.016,0.017,,0.015,,,,0.015,16,,WNW,0.5,7.8,63.1
13101010,2020/12/28,08,0.001,0.003,0.021,0.024,,0.012,,,,0.020,14,,WNW,0.5,8.1,64.1
13101010,2020/12/28,09,0.001,0.006,0.025,0.031,,0.010,,,,0.013,17,,NW,0.3,8.6,63.6
13101010,2020/12/28,10,0.001,0.009,0.025,0.034,,0.013,,,,0.016,16,,NNW,0.3,9.2,63.6
13101010,2020/12/28,11,0.001,0.013,0.030,0.043,,0.011,,,,0.016,18,,NNW,0.3,10.4,63.2
13101010,2020/12/28,12,0.001,0.012,0.031,0.043,,0.012,,,,0.022,20,,NNW,0.7,9.9,61.8
13101010,2020/12/28,13,0.001,0.007,0.023,0.030,,0.021,,,,0.020,21,,NW,0.4,11.0,62.3
13101010,2020/12/28,14,0.001,0.004,0.018,0.022,,0.029,,,,0.022,15,,CALM,0.1,12.5,53.5
13101010,2020/12/28,15,0.001,0.010,0.038,0.048,,0.013,,,,0.023,21,,CALM,0.2,13.1,55.4
13101010,2020/12/28,16,0.002,0.027,0.050,0.077,,0.004,,,,0.029,28,,CALM,0.2,12.0,63.6
13101010,2020/12/28,17,0.002,0.032,0.058,0.090,,0.001,,,,0.030,29,,CALM,0,11.5,67.3
13101010,2020/12/28,18,0.002,0.032,0.067,0.099,,0.001,,,,0.032,34,,ENE,0.3,11.2,70.4
13101010,2020/12/28,19,0.002,0.033,0.067,0.100,,0.001,,,,0.044,38,,CALM,0,11.1,72.4
13101010,2020/12/28,20,0.002,0.036,0.070,0.106,,0.001,,,,0.055,45,,CALM,0.1,11.7,72.1
13101010,2020/12/28,21,0.002,0.049,0.072,0.121,,0.002,,,,0.042,49,,CALM,0.1,11.4,69.0
13101010,2020/12/28,22,0.002,0.049,0.068,0.117,,0.001,,,,0.054,45,,CALM,0.1,10.8,67.7
13101010,2020/12/28,23,0.001,0.025,0.059,0.084,,0.001,,,,0.027,29,,CALM,0.2,10.3,59.9
13101010,2020/12/28,24,0.001,0.002,0.037,0.039,,0.008,,,,0.013,15,,CALM,0.1,10.2,55.8
13101010,2020/12/29,01,0.001,0.002,0.036,0.038,,,,,,0.014,15,,CALM,0.1,10.1,58.5
13101010,2020/12/29,02,0.001,0.006,0.044,0.050,,0.002,,,,0.011,15,,CALM,0.1,9.9,58.3
13101010,2020/12/29,03,0,0.002,0.030,0.032,,0.013,,,,0.005,10,,WSW,0.9,9.5,56.3
13101010,2020/12/29,04,0,0.001,0.018,0.019,,0.022,,,,0.002,5,,CALM,0.2,9.5,54.8
13101010,2020/12/29,05,0,0.001,0.016,0.017,,0.024,,,,0.007,5,,N,0.3,9.0,55.1
13101010,2020/12/29,06,0,0.001,0.019,0.020,,0.019,,,,0.006,7,,CALM,0,8.1,59.6
13101010,2020/12/29,07,0,0.002,0.028,0.030,,0.012,,,,0.012,7,,NW,0.3,8.9,58.5
13101010,2020/12/29,08,0,0.009,0.034,0.043,,0.008,,,,0.007,7,,W,0.4,8.8,60.2
13101010,2020/12/29,09,0.001,0.017,0.036,0.053,,0.007,,,,0.012,11,,E,0.8,10.3,55.7
13101010,2020/12/29,10,0.002,0.021,0.040,0.061,,0.009,,,,0.018,18,,ENE,0.3,11.9,56.4
13101010,2020/12/29,11,0.002,0.022,0.045,0.067,,0.008,,,,0.023,20,,NNW,0.3,12.3,57.1
13101010,2020/12/29,12,0.002,0.016,0.039,0.055,,0.012,,,,0.028,24,,NNE,0.5,10.8,57.0
13101010,2020/12/29,13,0.001,0.009,0.029,0.038,,0.018,,,,0.026,34,,NNW,0.6,11.1,57.7
13101010,2020/12/29,14,0.001,0.006,0.029,0.035,,0.020,,,,0.028,27,,CALM,0.2,12.0,53.5
13101010,2020/12/29,15,0.001,0.005,0.027,0.032,,0.022,,,,0.023,27,,CALM,0.2,12.2,52.2
13101010,2020/12/29,16,0.001,0.003,0.026,0.029,,0.021,,,,0.031,27,,E,0.3,12.2,53.5
13101010,2020/12/29,17,0.002,0.001,0.028,0.029,,0.017,,,,0.019,27,,CALM,0.1,11.9,55.8
13101010,2020/12/29,18,0.001,0.001,0.030,0.031,,0.015,,,,0.029,29,,NW,0.3,11.5,56.1
13101010,2020/12/29,19,0.001,0.001,0.026,0.027,,0.017,,,,0.044,31,,CALM,0.2,11.3,59.4
13101010,2020/12/29,20,0.001,0.001,0.028,0.029,,0.013,,,,0.039,38,,CALM,0,11.4,60.5
13101010,2020/12/29,21,0.001,0.002,0.037,0.039,,0.006,,,,0.035,40,,WNW,0.6,11.2,61.1
13101010,2020/12/29,22,0.001,0.007,0.045,0.052,,0.002,,,,0.040,41,,NNW,0.5,11.7,64.7
13101010,2020/12/29,23,0.001,0.016,0.049,0.065,,0.001,,,,0.039,39,,CALM,0.2,10.8,64.7
13101010,2020/12/29,24,0.001,0.016,0.047,0.063,,0.002,,,,0.031,35,,N,1.3,9.4,63.3
13101010,2020/12/30,01,0.001,0.006,0.042,0.048,,0.001,,,,0.037,42,,CALM,0.2,8.9,66.0
13101010,2020/12/30,02,0.001,0.004,0.038,0.042,,0.003,,,,0.033,33,,W,0.6,8.9,64.8
13101010,2020/12/30,03,0.001,0.001,0.029,0.030,,0.009,,,,0.030,30,,CALM,0.1,8.4,63.1
13101010,2020/12/30,04,0.001,0.001,0.028,0.029,,0.009,,,,0.024,28,,N,0.4,9.5,62.5
13101010,2020/12/30,05,0.001,0.002,0.031,0.033,,0.005,,,,0.028,28,,NNE,0.6,8.2,66.0
13101010,2020/12/30,06,0.001,0.002,0.028,0.030,,0.005,,,,0.030,28,,NNW,0.4,8.1,66.1
13101010,2020/12/30,07,0.001,0.006,0.032,0.038,,0.001,,,,0.024,26,,NNW,0.5,7.5,68.4
13101010,2020/12/30,08,0.001,0.008,0.029,0.037,,0.003,,,,0.017,27,,NNE,0.3,7.2,69.7
13101010,2020/12/30,09,0,0.008,0.028,0.036,,0.004,,,,0.014,33,,NNE,0.5,6.6,79.5
13101010,2020/12/30,10,0,0.011,0.027,0.038,,0.004,,,,0.024,34,,NW,1.1,5.9,86.6
13101010,2020/12/30,11,0,0.006,0.021,0.027,,0.010,,,,0.026,26,,WNW,1.1,7.0,77.5
13101010,2020/12/30,12,0.001,0.004,0.017,0.021,,0.017,,,,0.031,26,,NNE,0.5,9.2,70.0
13101010,2020/12/30,13,0.001,0.003,0.014,0.017,,0.027,,,,0.023,22,,NNW,0.5,10.8,61.8
13101010,2020/12/30,14,0.001,0.003,0.016,0.019,,0.027,,,,0.027,22,,ENE,0.4,11.8,61.5
13101010,2020/12/30,15,0.001,0.003,0.018,0.021,,0.024,,,,0.033,32,,CALM,0.1,10.8,69.6
13101010,2020/12/30,16,0,0.002,0.020,0.022,,0.020,,,,0.045,38,,E,0.3,11.1,78.9
13101010,2020/12/30,17,0,0.001,0.016,0.017,,0.020,,,,0.020,25,,E,0.3,10.6,83.0
13101010,2020/12/30,18,0,0,0.013,0.013,,0.023,,,,0.018,10,,NW,2.1,8.5,54.0
13101010,2020/12/30,19,0,0,0.006,0.006,,0.032,,,,0.012,2,,NW,3.7,6.6,39.9
13101010,2020/12/30,20,0,0,0.005,0.005,,0.032,,,,0.009,4,,WNW,3.7,5.6,36.3
13101010,2020/12/30,21,0,0,0.005,0.005,,0.033,,,,0,2,,NW,3.2,5.3,36.4
13101010,2020/12/30,22,0,0,0.005,0.005,,0.033,,,,0.001,3,,NNW,2.3,4.7,35.9
13101010,2020/12/30,23,0,0,0.005,0.005,,0.033,,,,0.004,1,,NW,2.6,4.2,38.4
13101010,2020/12/30,24,0,0,0.004,0.004,,0.033,,,,0,2,,NNW,2.0,3.8,39.6
13101010,2020/12/31,01,,,,,,0.033,,,,0,0,,NW,2.7,3.7,37.7
13101010,2020/12/31,02,0.001,0,0.004,0.004,,0.033,,,,0,0,,NW,3.0,3.2,38.4
13101010,2020/12/31,03,0,0,0.004,0.004,,0.033,,,,0,0,,NW,2.4,3.0,38.0
13101010,2020/12/31,04,0,0,0.004,0.004,,0.033,,,,0,0,,NW,2.2,2.5,41.2
13101010,2020/12/31,05,0,0,0.005,0.005,,0.031,,,,0,1,,NNW,0.6,2.6,43.1
13101010,2020/12/31,06,0,0,0.006,0.006,,0.030,,,,0,3,,NW,1.2,2.4,38.6
13101010,2020/12/31,07,0,0,0.005,0.005,,0.032,,,,0.001,1,,NW,1.5,2.4,31.5
13101010,2020/12/31,08,0,0,0.005,0.005,,0.032,,,,0,1,,WNW,1.4,2.7,30.5
13101010,2020/12/31,09,0,0.001,0.005,0.006,,0.033,,,,0.007,0,,NW,2.0,3.4,28.2
13101010,2020/12/31,10,0,0.001,0.004,0.005,,0.033,,,,0,2,,NNE,0.9,4.1,27.3
13101010,2020/12/31,11,0,0.001,0.003,0.004,,0.034,,,,0,1,,NNW,1.2,4.7,25.8
13101010,2020/12/31,12,0,0.001,0.003,0.004,,0.035,,,,0,2,,WNW,1.5,5.0,24.2
13101010,2020/12/31,13,0,0.001,0.003,0.004,,0.036,,,,0,0,,NW,1.1,5.6,23.8
13101010,2020/12/31,14,0,0.001,0.003,0.004,,0.036,,,,0.005,-1,,WNW,0.7,6.0,22.6
13101010,2020/12/31,15,0,0.001,0.004,0.005,,0.035,,,,0,2,,N,0.3,6.6,24.3
13101010,2020/12/31,16,0,0.001,0.007,0.008,,0.033,,,,0.005,3,,CALM,0.1,6.5,23.8
13101010,2020/12/31,17,0,0,0.007,0.007,,0.033,,,,0.005,4,,NNW,1.2,5.7,24.5
13101010,2020/12/31,18,0,0,0.006,0.006,,0.031,,,,0.002,2,,N,1.1,5.4,25.6
13101010,2020/12/31,19,0,0.001,0.009,0.010,,0.029,,,,0,4,,N,1.0,5.2,26.6
13101010,2020/12/31,20,0,0,0.009,0.009,,0.029,,,,0,3,,N,0.6,5.0,27.1
13101010,2020/12/31,21,0,0,0.009,0.009,,0.028,,,,0.003,4,,CALM,0.2,4.8,29.0
13101010,2020/12/31,22,0,0,0.009,0.009,,0.028,,,,0.003,3,,WNW,0.7,4.1,30.6
13101010,2020/12/31,23,0,0.001,0.008,0.009,,0.029,,,,0.002,3,,NW,0.3,4.0,31.9
13101010,2020/12/31,24,0.001,0,0.011,0.011,,0.026,,,,0,4,,NW,0.4,4.0,33.3
